0
0.050000 -0.000975 -0.010050 0 0
0.100000 -0.001075 -0.020050 0 1
0.150000 -0.000375 -0.030150 0 2
0.250000 0.003575 -0.050250 0 3
0.350000 0.010825 -0.070350 0 4
0.450000 0.021475 -0.090550 0 5
0.050000 -0.002275 0.008750 1 0
0.100000 -0.005425 0.017550 1 1
0.150000 -0.009375 0.026350 1 2
0.250000 -0.019825 0.043950 1 3
0.350000 -0.033725 0.061650 1 4
0.450000 -0.051025 0.079350 1 5
0.050000 -0.003975 -0.008150 2 0
0.100000 -0.007125 -0.016250 2 1
0.150000 -0.009425 -0.024350 2 2
0.250000 -0.011525 -0.040650 2 3
0.350000 -0.010275 -0.056850 2 4
0.450000 -0.005725 -0.073150 2 5
0.050000 -0.003325 -0.009150 3 0
0.100000 -0.007525 -0.018350 3 1
0.150000 -0.012575 -0.027450 3 2
0.250000 -0.025175 -0.045850 3 3
0.350000 -0.041225 -0.064350 3 4
0.450000 -0.060775 -0.082950 3 5
0.050000 0.002175 -0.006750 4 0
0.100000 0.003525 -0.013550 4 1
0.150000 0.004075 -0.020250 4 2
0.250000 0.002625 -0.033850 4 3
0.350000 -0.002175 -0.047350 4 4
0.450000 -0.010325 -0.060950 4 5
0.050000 -0.004275 -0.001350 5 0
0.100000 -0.007725 -0.002650 5 1
0.150000 -0.010275 -0.003950 5 2
0.250000 -0.012975 -0.006550 5 3
0.350000 -0.012325 -0.009150 5 4
0.450000 -0.008325 -0.011850 5 5
0.050000 0.002375 -0.006150 6 0
0.100000 0.003875 -0.012250 6 1
0.150000 0.004575 -0.018350 6 2
0.250000 0.003475 -0.030450 6 3
0.350000 -0.000975 -0.042750 6 4
0.450000 -0.008825 -0.054950 6 5
0.050000 0.001175 -0.008550 7 0
0.100000 0.003125 -0.017050 7 1
0.150000 0.005975 -0.025650 7 2
0.250000 0.014125 -0.042750 7 3
0.350000 0.025725 -0.059950 7 4
0.450000 0.040675 -0.077250 7 5
0.050000 -0.000125 0.003950 8 0
0.100000 -0.001125 0.007950 8 1
0.150000 -0.002925 0.011950 8 2
0.250000 -0.009075 0.020050 8 3
0.350000 -0.018525 0.028050 8 4
0.450000 -0.031425 0.036050 8 5
0.050000 0.001125 -0.006150 9 0
0.100000 0.001425 -0.012250 9 1
0.150000 0.000875 -0.018450 9 2
0.250000 -0.002725 -0.030750 9 3
0.350000 -0.009625 -0.043050 9 4
0.450000 -0.019925 -0.055350 9 5
0.050000 0.003225 -0.004850 10 0
0.100000 0.007325 -0.009650 10 1
0.150000 0.012275 -0.014450 10 2
0.250000 0.024675 -0.024150 10 3
0.350000 0.040525 -0.033850 10 4
0.450000 0.059875 -0.043650 10 5
0.050000 0.003225 -0.007750 11 0
0.100000 0.005575 -0.015450 11 1
0.150000 0.007075 -0.023150 11 2
0.250000 0.007675 -0.038550 11 3
0.350000 0.004875 -0.054050 11 4
0.450000 -0.001275 -0.069450 11 5
0.050000 0.005225 -0.002650 12 0
0.100000 0.011275 -0.005250 12 1
0.150000 0.018225 -0.007850 12 2
0.250000 0.034675 -0.013050 12 3
0.350000 0.054575 -0.018350 12 4
0.450000 0.078125 -0.023650 12 5
0.050000 0.000825 -0.004750 13 0
0.100000 0.002525 -0.009550 13 1
0.150000 0.005025 -0.014250 13 2
0.250000 0.012575 -0.023750 13 3
0.350000 0.023525 -0.033350 13 4
0.450000 0.037875 -0.042950 13 5
0.050000 0.000125 0.003650 14 0
0.100000 -0.000525 0.007350 14 1
0.150000 -0.002075 0.010950 14 2
0.250000 -0.007625 0.018350 14 3
0.350000 -0.016525 0.025750 14 4
0.450000 -0.028825 0.033050 14 5
0.050000 -0.003275 0.000450 15 0
0.100000 -0.005725 0.000950 15 1
0.150000 -0.007325 0.001450 15 2
0.250000 -0.008025 0.002450 15 3
0.350000 -0.005375 0.003450 15 4
0.450000 0.000625 0.004350 15 5
0.050000 0.001225 -0.008550 16 0
0.100000 0.001625 -0.017150 16 1
0.150000 0.001175 -0.025750 16 2
0.250000 -0.002225 -0.042850 16 3
0.350000 -0.008925 -0.060050 16 4
0.450000 -0.019025 -0.077250 16 5
0.050000 -0.002375 0.001850 17 0
0.100000 -0.003925 0.003750 17 1
0.150000 -0.004625 0.005650 17 2
0.250000 -0.003525 0.009350 17 3
0.350000 0.000875 0.013050 17 4
0.450000 0.008675 0.016850 17 5
0.050000 0.001675 0.005050 18 0
0.100000 0.004175 0.010150 18 1
0.150000 0.007525 0.015250 18 2
0.250000 0.016775 0.025450 18 3
0.350000 0.029425 0.035750 18 4
0.450000 0.045475 0.046050 18 5
0.050000 -0.004475 0.009550 19 0
0.100000 -0.008175 0.019050 19 1
0.150000 -0.010975 0.028550 19 2
0.250000 -0.014075 0.047550 19 3
0.350000 -0.013875 0.066550 19 4
0.450000 -0.010325 0.085650 19 5
0.050000 0.004625 -0.002050 20 0
0.100000 0.010125 -0.004150 20 1
0.150000 0.016475 -0.006350 20 2
0.250000 0.031725 -0.010550 20 3
0.350000 0.050425 -0.014750 20 4
0.450000 0.072725 -0.019050 20 5
0.050000 -0.000725 0.006950 21 0
0.100000 -0.002325 0.013850 21 1
0.150000 -0.004725 0.020750 21 2
0.250000 -0.012025 0.034550 21 3
0.350000 -0.022725 0.048450 21 4
0.450000 -0.036825 0.062350 21 5
0.050000 0.004075 -0.002750 22 0
0.100000 0.007325 -0.005450 22 1
0.150000 0.009725 -0.008150 22 2
0.250000 0.012025 -0.013550 22 3
0.350000 0.011025 -0.019050 22 4
0.450000 0.006675 -0.024450 22 5
0.050000 0.004575 -0.006350 23 0
0.100000 0.009975 -0.012650 23 1
0.150000 0.016225 -0.019050 23 2
0.250000 0.031375 -0.031850 23 3
0.350000 0.049925 -0.044650 23 4
0.450000 0.072075 -0.057650 23 5
0.050000 -0.000875 -0.000050 24 0
0.100000 -0.000925 -0.000150 24 1
0.150000 -0.000175 -0.000150 24 2
0.250000 0.003925 -0.000250 24 3
0.350000 0.011325 -0.000350 24 4
0.450000 0.022125 -0.000550 24 5
0.050000 -0.001775 -0.006350 25 0
0.100000 -0.004425 -0.012650 25 1
0.150000 -0.007875 -0.019050 25 2
0.250000 -0.017325 -0.031750 25 3
0.350000 -0.030175 -0.044550 25 4
0.450000 -0.046425 -0.057350 25 5
0.050000 0.003425 0.007550 26 0
0.100000 0.007725 0.015050 26 1
0.150000 0.012825 0.022550 26 2
0.250000 0.025625 0.037650 26 3
0.350000 0.041875 0.052850 26 4
0.450000 0.061625 0.068050 26 5
0.050000 0.003475 0.005550 27 0
0.100000 0.007775 0.011050 27 1
0.150000 0.012925 0.016650 27 2
0.250000 0.025725 0.027850 27 3
0.350000 0.042025 0.039050 27 4
0.450000 0.061825 0.050350 27 5
0.050000 -0.001625 0.000550 28 0
0.100000 -0.002425 0.001050 28 1
0.150000 -0.002375 0.001550 28 2
0.250000 0.000225 0.002650 28 3
0.350000 0.006175 0.003750 28 4
0.450000 0.015475 0.004750 28 5
0.050000 -0.002775 0.008650 29 0
0.100000 -0.006375 0.017350 29 1
0.150000 -0.010825 0.026050 29 2
0.250000 -0.022325 0.043450 29 3
0.350000 -0.037175 0.061050 29 4
0.450000 -0.055525 0.078650 29 5
0.050000 -0.002175 -0.006750 30 0
0.100000 -0.003525 -0.013550 30 1
0.150000 -0.004025 -0.020250 30 2
0.250000 -0.002575 -0.033850 30 3
0.350000 0.002225 -0.047350 30 4
0.450000 0.010425 -0.060850 30 5
0.050000 -0.003375 0.004150 31 0
0.100000 -0.005875 0.008350 31 1
0.150000 -0.007575 0.012550 31 2
0.250000 -0.008425 0.020850 31 3
0.350000 -0.005975 0.029250 31 4
0.450000 -0.000175 0.037650 31 5
0.050000 -0.000775 0.003650 32 0
0.100000 -0.002375 0.007350 32 1
0.150000 -0.004825 0.010950 32 2
0.250000 -0.012225 0.018350 32 3
0.350000 -0.022975 0.025750 32 4
0.450000 -0.037125 0.033150 32 5
0.050000 -0.004525 -0.003050 33 0
0.100000 -0.009925 -0.006150 33 1
0.150000 -0.016175 -0.009250 33 2
0.250000 -0.031225 -0.015550 33 3
0.350000 -0.049725 -0.021750 33 4
0.450000 -0.071775 -0.028050 33 5
0.050000 -0.000325 -0.008050 34 0
0.100000 -0.001475 -0.016050 34 1
0.150000 -0.003425 -0.024050 34 2
0.250000 -0.009925 -0.040050 34 3
0.350000 -0.019725 -0.056150 34 4
0.450000 -0.032975 -0.072350 34 5
0.050000 -0.002425 -0.009950 35 0
0.100000 -0.003975 -0.019850 35 1
0.150000 -0.004725 -0.029850 35 2
0.250000 -0.003675 -0.049750 35 3
0.350000 0.000675 -0.069650 35 4
0.450000 0.008375 -0.089550 35 5
0.050000 -0.001225 -0.008750 36 0
0.100000 -0.001675 -0.017550 36 1
0.150000 -0.001225 -0.026250 36 2
0.250000 0.002125 -0.043850 36 3
0.350000 0.008825 -0.061350 36 4
0.450000 0.018875 -0.078950 36 5
0.050000 0.004525 -0.002850 37 0
0.100000 0.008225 -0.005750 37 1
0.150000 0.011025 -0.008550 37 2
0.250000 0.014225 -0.014250 37 3
0.350000 0.014075 -0.019950 37 4
0.450000 0.010575 -0.025650 37 5
0.050000 0.003625 -0.005750 38 0
0.100000 0.008125 -0.011550 38 1
0.150000 0.013425 -0.017350 38 2
0.250000 0.026625 -0.029050 38 3
0.350000 0.043275 -0.040750 38 4
0.450000 0.063425 -0.052550 38 5
0.050000 -0.001625 0.003750 39 0
0.100000 -0.004025 0.007550 39 1
0.150000 -0.007325 0.011350 39 2
0.250000 -0.016375 0.018950 39 3
0.350000 -0.028825 0.026550 39 4
0.450000 -0.044725 0.034150 39 5
0.050000 -0.002025 0.005950 40 0
0.100000 -0.003175 0.011950 40 1
0.150000 -0.003525 0.017950 40 2
0.250000 -0.001725 0.029850 40 3
0.350000 0.003425 0.041850 40 4
0.450000 0.011925 0.053850 40 5
0.050000 0.001525 -0.001150 41 0
0.100000 0.003875 -0.002250 41 1
0.150000 0.007075 -0.003350 41 2
0.250000 0.015975 -0.005550 41 3
0.350000 0.028275 -0.007850 41 4
0.450000 0.043975 -0.010050 41 5
0.050000 0.000325 -0.009150 42 0
0.100000 0.001475 -0.018350 42 1
0.150000 0.003475 -0.027550 42 2
0.250000 0.009975 -0.045950 42 3
0.350000 0.019875 -0.064450 42 4
0.450000 0.033125 -0.082950 42 5
0.050000 -0.000225 -0.008050 43 0
0.100000 -0.001325 -0.016050 43 1
0.150000 -0.003225 -0.024150 43 2
0.250000 -0.009525 -0.040250 43 3
0.350000 -0.019225 -0.056450 43 4
0.450000 -0.032325 -0.072650 43 5
0.050000 -0.003475 0.000950 44 0
0.100000 -0.006175 0.001950 44 1
0.150000 -0.007975 0.002950 44 2
0.250000 -0.009125 0.004850 44 3
0.350000 -0.006925 0.006850 44 4
0.450000 -0.001425 0.008750 44 5
0.050000 -0.002325 0.002650 45 0
0.100000 -0.005475 0.005250 45 1
0.150000 -0.009475 0.007850 45 2
0.250000 -0.020025 0.013150 45 3
0.350000 -0.033975 0.018450 45 4
0.450000 -0.051375 0.023850 45 5
0.050000 -0.001125 -0.004750 46 0
0.100000 -0.001425 -0.009450 46 1
0.150000 -0.000875 -0.014250 46 2
0.250000 0.002725 -0.023750 46 3
0.350000 0.009675 -0.033250 46 4
0.450000 0.019975 -0.042750 46 5
0.050000 0.004175 0.006350 47 0
0.100000 0.007475 0.012750 47 1
0.150000 0.009925 0.019150 47 2
0.250000 0.012375 0.031950 47 3
0.350000 0.011525 0.044650 47 4
0.450000 0.007275 0.057450 47 5
0.050000 -0.005325 -0.004650 48 0
0.100000 -0.011525 -0.009350 48 1
0.150000 -0.018575 -0.014050 48 2
0.250000 -0.035225 -0.023450 48 3
0.350000 -0.055425 -0.032950 48 4
0.450000 -0.079175 -0.042450 48 5
0.050000 -0.004075 0.001650 49 0
0.100000 -0.007375 0.003250 49 1
0.150000 -0.009775 0.004850 49 2
0.250000 -0.012125 0.008050 49 3
0.350000 -0.011075 0.011250 49 4
0.450000 -0.006775 0.014550 49 5
0.050000 0.003825 0.000650 50 0
0.100000 0.006825 0.001350 50 1
0.150000 0.009025 0.001950 50 2
0.250000 0.010825 0.003350 50 3
0.350000 0.009325 0.004650 50 4
0.450000 0.004475 0.005950 50 5
0.050000 -0.001225 -0.008050 51 0
0.100000 -0.003225 -0.016150 51 1
0.150000 -0.006125 -0.024250 51 2
0.250000 -0.014375 -0.040450 51 3
0.350000 -0.026025 -0.056750 51 4
0.450000 -0.041075 -0.073150 51 5
0.050000 0.001875 0.003950 52 0
0.100000 0.004575 0.007950 52 1
0.150000 0.008075 0.011950 52 2
0.250000 0.017675 0.019950 52 3
0.350000 0.030675 0.027950 52 4
0.450000 0.047125 0.036050 52 5
0.050000 -0.002275 -0.007950 53 0
0.100000 -0.005425 -0.015850 53 1
0.150000 -0.009375 -0.023850 53 2
0.250000 -0.019875 -0.039850 53 3
0.350000 -0.033725 -0.055850 53 4
0.450000 -0.051075 -0.071950 53 5
0.050000 -0.000475 0.007450 54 0
0.100000 -0.000075 0.014850 54 1
0.150000 0.001125 0.022350 54 2
0.250000 0.006025 0.037250 54 3
0.350000 0.014325 0.052150 54 4
0.450000 0.025975 0.067150 54 5
0.050000 -0.003425 0.006550 55 0
0.100000 -0.007725 0.013150 55 1
0.150000 -0.012825 0.019750 55 2
0.250000 -0.025625 0.033050 55 3
0.350000 -0.041875 0.046350 55 4
0.450000 -0.061625 0.059750 55 5
0.050000 0.004375 0.007750 56 0
0.100000 0.007925 0.015550 56 1
0.150000 0.010625 0.023350 56 2
0.250000 0.013475 0.038850 56 3
0.350000 0.013025 0.054350 56 4
0.450000 0.009225 0.069850 56 5
0.050000 0.005425 -0.004850 57 0
0.100000 0.011675 -0.009650 57 1
0.150000 0.018775 -0.014450 57 2
0.250000 0.035625 -0.024150 57 3
0.350000 0.055975 -0.033950 57 4
0.450000 0.079875 -0.043850 57 5
0.050000 0.002225 -0.002050 58 0
0.100000 0.003625 -0.004150 58 1
0.150000 0.004175 -0.006250 58 2
0.250000 0.002825 -0.010450 58 3
0.350000 -0.001925 -0.014550 58 4
0.450000 -0.009975 -0.018750 58 5
0.050000 0.004475 -0.004850 59 0
0.100000 0.009775 -0.009750 59 1
0.150000 0.015925 -0.014550 59 2
0.250000 0.030825 -0.024350 59 3
0.350000 0.049175 -0.034150 59 4
0.450000 0.071075 -0.044150 59 5
0.050000 -0.004675 -0.002450 60 0
0.100000 -0.010175 -0.004850 60 1
0.150000 -0.016525 -0.007350 60 2
0.250000 -0.031775 -0.012250 60 3
0.350000 -0.050525 -0.017250 60 4
0.450000 -0.072825 -0.022250 60 5
0.050000 -0.002625 0.000050 61 0
0.100000 -0.006125 0.000150 61 1
0.150000 -0.010475 0.000250 61 2
0.250000 -0.021675 0.000350 61 3
0.350000 -0.036275 0.000450 61 4
0.450000 -0.054325 0.000650 61 5
0.050000 0.002675 0.008050 62 0
0.100000 0.006175 0.016150 62 1
0.150000 0.010525 0.024250 62 2
0.250000 0.021775 0.040450 62 3
0.350000 0.036425 0.056750 62 4
0.450000 0.054525 0.073150 62 5
0.050000 0.001125 -0.005450 63 0
0.100000 0.003075 -0.010850 63 1
0.150000 0.005825 -0.016250 63 2
0.250000 0.013925 -0.027150 63 3
0.350000 0.025375 -0.038050 63 4
0.450000 0.040225 -0.049050 63 5
0.050000 0.004125 0.003950 64 0
0.100000 0.007425 0.007850 64 1
0.150000 0.009875 0.011750 64 2
0.250000 0.012225 0.019550 64 3
0.350000 0.011325 0.027350 64 4
0.450000 0.007025 0.035150 64 5
0.050000 -0.003525 0.009850 65 0
0.100000 -0.007875 0.019650 65 1
0.150000 -0.013075 0.029550 65 2
0.250000 -0.025975 0.049350 65 3
0.350000 -0.042375 0.069250 65 4
0.450000 -0.062275 0.089250 65 5
0.050000 -0.004275 -0.006250 66 0
0.100000 -0.007725 -0.012450 66 1
0.150000 -0.010275 -0.018650 66 2
0.250000 -0.012975 -0.031050 66 3
0.350000 -0.012325 -0.043350 66 4
0.450000 -0.008325 -0.055750 66 5
0.050000 0.001225 -0.007250 67 0
0.100000 0.001675 -0.014450 67 1
0.150000 0.001225 -0.021650 67 2
0.250000 -0.002125 -0.036150 67 3
0.350000 -0.008775 -0.050550 67 4
0.450000 -0.018875 -0.065150 67 5
0.050000 -0.003175 0.004750 68 0
0.100000 -0.005475 0.009550 68 1
0.150000 -0.006975 0.014250 68 2
0.250000 -0.007475 0.023750 68 3
0.350000 -0.004625 0.033250 68 4
0.450000 0.001575 0.042850 68 5
0.050000 -0.003325 0.004750 69 0
0.100000 -0.007425 0.009550 69 1
0.150000 -0.012425 0.014350 69 2
0.250000 -0.024975 0.024050 69 3
0.350000 -0.040925 0.033650 69 4
0.450000 -0.060375 0.043450 69 5
0.050000 0.001325 0.004850 70 0
0.100000 0.003525 0.009650 70 1
0.150000 0.006525 0.014450 70 2
0.250000 0.015125 0.024150 70 3
0.350000 0.027025 0.033850 70 4
0.450000 0.042425 0.043650 70 5
0.050000 0.000775 -0.006550 71 0
0.100000 0.000775 -0.013150 71 1
0.150000 -0.000125 -0.019750 71 2
0.250000 -0.004325 -0.033050 71 3
0.350000 -0.011925 -0.046250 71 4
0.450000 -0.022925 -0.059550 71 5
0.050000 -0.003175 -0.008050 72 0
0.100000 -0.005525 -0.016150 72 1
0.150000 -0.007025 -0.024250 72 2
0.250000 -0.007575 -0.040350 72 3
0.350000 -0.004725 -0.056450 72 4
0.450000 0.001425 -0.072650 72 5
0.050000 -0.004325 -0.000050 73 0
0.100000 -0.007825 -0.000050 73 1
0.150000 -0.010475 -0.000050 73 2
0.250000 -0.013275 -0.000150 73 3
0.350000 -0.012725 -0.000150 73 4
0.450000 -0.008825 -0.000250 73 5
0.050000 0.001725 0.001850 74 0
0.100000 0.002675 0.003750 74 1
0.150000 0.002725 0.005550 74 2
0.250000 0.000375 0.009350 74 3
0.350000 -0.005325 0.013050 74 4
0.450000 -0.014375 0.016750 74 5
0.050000 0.000175 0.009350 75 0
0.100000 0.001225 0.018750 75 1
0.150000 0.003075 0.028150 75 2
0.250000 0.009275 0.046950 75 3
0.350000 0.018875 0.065750 75 4
0.450000 0.031825 0.084650 75 5
0.050000 -0.001725 0.009050 76 0
0.100000 -0.004325 0.018150 76 1
0.150000 -0.007725 0.027350 76 2
0.250000 -0.017075 0.045550 76 3
0.350000 -0.029825 0.063850 76 4
0.450000 -0.046025 0.082250 76 5
0.050000 0.001025 0.005750 77 0
0.100000 0.001175 0.011450 77 1
0.150000 0.000525 0.017150 77 2
0.250000 -0.003275 0.028650 77 3
0.350000 -0.010425 0.040050 77 4
0.450000 -0.020925 0.051550 77 5
0.050000 0.004075 0.006250 78 0
0.100000 0.008975 0.012550 78 1
0.150000 0.014725 0.018850 78 2
0.250000 0.028825 0.031350 78 3
0.350000 0.046375 0.044050 78 4
0.450000 0.067425 0.056850 78 5
0.050000 -0.003825 -0.009950 79 0
0.100000 -0.008475 -0.019850 79 1
0.150000 -0.013975 -0.029750 79 2
0.250000 -0.027525 -0.049650 79 3
0.350000 -0.044525 -0.069750 79 4
0.450000 -0.065025 -0.089950 79 5
0.050000 0.000425 -0.008050 80 0
0.100000 -0.000025 -0.016150 80 1
0.150000 -0.001275 -0.024250 80 2
0.250000 -0.006275 -0.040350 80 3
0.350000 -0.014625 -0.056550 80 4
0.450000 -0.026425 -0.072850 80 5
0.050000 -0.003175 0.007750 81 0
0.100000 -0.005475 0.015450 81 1
0.150000 -0.006975 0.023150 81 2
0.250000 -0.007475 0.038650 81 3
0.350000 -0.004575 0.054050 81 4
0.450000 0.001625 0.069550 81 5
0.050000 0.001575 0.001550 82 0
0.100000 0.003975 0.003150 82 1
0.150000 0.007225 0.004750 82 2
0.250000 0.016175 0.007850 82 3
0.350000 0.028575 0.011050 82 4
0.450000 0.044425 0.014150 82 5
0.050000 -0.002475 0.002650 83 0
0.100000 -0.004125 0.005150 83 1
0.150000 -0.004925 0.007750 83 2
0.250000 -0.004025 0.012950 83 3
0.350000 0.000175 0.018150 83 4
0.450000 0.007775 0.023350 83 5
0.050000 -0.002425 -0.002950 84 0
0.100000 -0.005675 -0.005850 84 1
0.150000 -0.009775 -0.008750 84 2
0.250000 -0.020475 -0.014550 84 3
0.350000 -0.034625 -0.020450 84 4
0.450000 -0.052175 -0.026350 84 5
0.050000 -0.001075 0.008050 85 0
0.100000 -0.002975 0.016050 85 1
0.150000 -0.005725 0.024050 85 2
0.250000 -0.013725 0.040150 85 3
0.350000 -0.025075 0.056350 85 4
0.450000 -0.039875 0.072550 85 5
0.050000 -0.001775 0.007150 86 0
0.100000 -0.002675 0.014350 86 1
0.150000 -0.002725 0.021550 86 2
0.250000 -0.000425 0.035850 86 3
0.350000 0.005275 0.050250 86 4
0.450000 0.014325 0.064650 86 5
0.050000 0.002375 -0.000250 87 0
0.100000 0.003925 -0.000550 87 1
0.150000 0.004675 -0.000750 87 2
0.250000 0.003625 -0.001250 87 3
0.350000 -0.000775 -0.001850 87 4
0.450000 -0.008525 -0.002350 87 5
0.050000 0.001125 0.003350 88 0
0.100000 0.003125 0.006750 88 1
0.150000 0.005925 0.010150 88 2
0.250000 0.014075 0.016950 88 3
0.350000 0.025575 0.023750 88 4
0.450000 0.040525 0.030550 88 5
0.050000 0.001525 0.007750 89 0
0.100000 0.002225 0.015450 89 1
0.150000 0.002125 0.023250 89 2
0.250000 -0.000625 0.038650 89 3
0.350000 -0.006725 0.054150 89 4
0.450000 -0.016175 0.069750 89 5
0.050000 0.004275 -0.001950 90 0
0.100000 0.009425 -0.003850 90 1
0.150000 0.015375 -0.005750 90 2
0.250000 0.029875 -0.009650 90 3
0.350000 0.047875 -0.013550 90 4
0.450000 0.069375 -0.017450 90 5
0.050000 0.003675 0.010050 91 0
0.100000 0.008225 0.020150 91 1
0.150000 0.013625 0.030250 91 2
0.250000 0.026975 0.050550 91 3
0.350000 0.043725 0.070950 91 4
0.450000 0.064025 0.091450 91 5
0.050000 -0.004125 -0.007050 92 0
0.100000 -0.007375 -0.014050 92 1
0.150000 -0.009775 -0.021050 92 2
0.250000 -0.012125 -0.035050 92 3
0.350000 -0.011175 -0.049050 92 4
0.450000 -0.006825 -0.063050 92 5
0.050000 -0.002525 -0.008350 93 0
0.100000 -0.005875 -0.016750 93 1
0.150000 -0.010075 -0.025250 93 2
0.250000 -0.021025 -0.042050 93 3
0.350000 -0.035375 -0.059050 93 4
0.450000 -0.053225 -0.076050 93 5
0.050000 -0.001625 -0.008550 94 0
0.100000 -0.002425 -0.017050 94 1
0.150000 -0.002375 -0.025650 94 2
0.250000 0.000225 -0.042750 94 3
0.350000 0.006175 -0.059850 94 4
0.450000 0.015475 -0.077050 94 5
0.050000 -0.001025 0.002650 95 0
0.100000 -0.001175 0.005350 95 1
0.150000 -0.000525 0.008050 95 2
0.250000 0.003325 0.013450 95 3
0.350000 0.010525 0.018850 95 4
0.450000 0.021075 0.024250 95 5
0.050000 0.002225 0.007550 96 0
0.100000 0.005275 0.015050 96 1
0.150000 0.009175 0.022550 96 2
0.250000 0.019525 0.037650 96 3
0.350000 0.033275 0.052850 96 4
0.450000 0.050475 0.068050 96 5
0.050000 0.004675 0.003150 97 0
0.100000 0.010225 0.006350 97 1
0.150000 0.016625 0.009550 97 2
0.250000 0.032025 0.015850 97 3
0.350000 0.050825 0.022350 97 4
0.450000 0.073225 0.028750 97 5
1
0.050000 0.000725 -0.009550 0 0
0.100000 0.002325 -0.019050 0 1
0.150000 0.004725 -0.028550 0 2
0.250000 0.012075 -0.047650 0 3
0.350000 0.022775 -0.066850 0 4
0.450000 0.036925 -0.086050 0 5
0.050000 -0.003125 0.009550 1 0
0.100000 -0.007125 0.019050 1 1
0.150000 -0.011925 0.028550 1 2
0.250000 -0.024075 0.047750 1 3
0.350000 -0.039725 0.066950 1 4
0.450000 -0.058825 0.086250 1 5
0.050000 -0.000275 0.006850 2 0
0.100000 0.000275 0.013750 2 1
0.150000 0.001625 0.020650 2 2
0.250000 0.006925 0.034450 2 3
0.350000 0.015525 0.048350 2 4
0.450000 0.027575 0.062250 2 5
0.050000 0.002675 0.002850 3 0
0.100000 0.004475 0.005650 3 1
0.150000 0.005475 0.008450 3 2
0.250000 0.004925 0.014050 3 3
0.350000 0.001025 0.019650 3 4
0.450000 -0.006175 0.025250 3 5
0.050000 0.003475 0.009850 4 0
0.100000 0.007775 0.019750 4 1
0.150000 0.012875 0.029750 4 2
0.250000 0.025725 0.049650 4 3
0.350000 0.041975 0.069650 4 4
0.450000 0.061775 0.089750 4 5
0.050000 0.003075 -0.004250 5 0
0.100000 0.006925 -0.008450 5 1
0.150000 0.011675 -0.012750 5 2
0.250000 0.023675 -0.021250 5 3
0.350000 0.039125 -0.029750 5 4
0.450000 0.058025 -0.038350 5 5
0.050000 -0.002475 0.006750 6 0
0.100000 -0.004175 0.013450 6 1
0.150000 -0.004975 0.020150 6 2
0.250000 -0.004125 0.033550 6 3
0.350000 0.000025 0.046950 6 4
0.450000 0.007575 0.060350 6 5
0.050000 -0.000625 0.006750 7 0
0.100000 -0.002025 0.013450 7 1
0.150000 -0.004325 0.020150 7 2
0.250000 -0.011375 0.033550 7 3
0.350000 -0.021825 0.047050 7 4
0.450000 -0.035675 0.060550 7 5
0.050000 0.002625 0.002850 8 0
0.100000 0.004375 0.005750 8 1
0.150000 0.005325 0.008550 8 2
0.250000 0.004725 0.014350 8 3
0.350000 0.000775 0.020050 8 4
0.450000 -0.006575 0.025750 8 5
0.050000 0.001025 -0.007650 9 0
0.100000 0.002875 -0.015350 9 1
0.150000 0.005575 -0.023050 9 2
0.250000 0.013475 -0.038450 9 3
0.350000 0.024725 -0.053950 9 4
0.450000 0.039425 -0.069450 9 5
0.050000 0.005425 0.005950 10 0
0.100000 0.011725 0.011850 10 1
0.150000 0.018875 0.017850 10 2
0.250000 0.035775 0.029750 10 3
0.350000 0.056125 0.041750 10 4
0.450000 0.080125 0.053850 10 5
0.050000 -0.003075 0.001850 11 0
0.100000 -0.005325 0.003650 11 1
0.150000 -0.006725 0.005350 11 2
0.250000 -0.007075 0.008950 11 3
0.350000 -0.004075 0.012550 11 4
0.450000 0.002275 0.016150 11 5
0.050000 0.004025 -0.003850 12 0
0.100000 0.008875 -0.007650 12 1
0.150000 0.014625 -0.011450 12 2
0.250000 0.028625 -0.019250 12 3
0.350000 0.046075 -0.026950 12 4
0.450000 0.067025 -0.034750 12 5
0.050000 0.000725 -0.000250 13 0
0.100000 0.000575 -0.000550 13 1
0.150000 -0.000375 -0.000850 13 2
0.250000 -0.004775 -0.001450 13 3
0.350000 -0.012525 -0.001950 13 4
0.450000 -0.023675 -0.002550 13 5
0.050000 -0.002725 -0.001450 14 0
0.100000 -0.004625 -0.002950 14 1
0.150000 -0.005675 -0.004450 14 2
0.250000 -0.005325 -0.007450 14 3
0.350000 -0.001575 -0.010450 14 4
0.450000 0.005475 -0.013450 14 5
0.050000 0.003375 0.003050 15 0
0.100000 0.007575 0.006150 15 1
0.150000 0.012575 0.009250 15 2
0.250000 0.025225 0.015450 15 3
0.350000 0.041325 0.021650 15 4
0.450000 0.060875 0.027850 15 5
0.050000 0.001125 -0.003950 16 0
0.100000 0.003075 -0.007850 16 1
0.150000 0.005875 -0.011850 16 2
0.250000 0.013925 -0.019750 16 3
0.350000 0.025425 -0.027750 16 4
0.450000 0.040325 -0.035650 16 5
0.050000 0.003825 -0.009850 17 0
0.100000 0.008525 -0.019750 17 1
0.150000 0.014025 -0.029750 17 2
0.250000 0.027625 -0.049650 17 3
0.350000 0.044675 -0.069650 17 4
0.450000 0.065275 -0.089750 17 5
0.050000 -0.002075 -0.002350 18 0
0.100000 -0.003325 -0.004750 18 1
0.150000 -0.003725 -0.007150 18 2
0.250000 -0.002025 -0.011950 18 3
0.350000 0.003025 -0.016750 18 4
0.450000 0.011375 -0.021550 18 5
0.050000 -0.000475 0.000950 19 0
0.100000 -0.000125 0.001950 19 1
0.150000 0.001025 0.002950 19 2
0.250000 0.005875 0.004950 19 3
0.350000 0.014125 0.006850 19 4
0.450000 0.025725 0.008850 19 5
0.050000 0.003975 -0.003950 20 0
0.100000 0.007075 -0.007850 20 1
0.150000 0.009375 -0.011750 20 2
0.250000 0.011425 -0.019550 20 3
0.350000 0.010175 -0.027350 20 4
0.450000 0.005575 -0.035150 20 5
0.050000 0.003975 0.009450 21 0
0.100000 0.008825 0.018850 21 1
0.150000 0.014475 0.028250 21 2
0.250000 0.028425 0.047150 21 3
0.350000 0.045775 0.066150 21 4
0.450000 0.066675 0.085350 21 5
0.050000 -0.002425 0.007650 22 0
0.100000 -0.004075 0.015250 22 1
0.150000 -0.004825 0.022850 22 2
0.250000 -0.003875 0.038150 22 3
0.350000 0.000375 0.053450 22 4
0.450000 0.008025 0.068750 22 5
0.050000 0.001675 -0.007250 23 0
0.100000 0.004175 -0.014450 23 1
0.150000 0.007525 -0.021650 23 2
0.250000 0.016775 -0.036050 23 3
0.350000 0.029375 -0.050550 23 4
0.450000 0.045425 -0.065150 23 5
0.050000 0.001175 0.007550 24 0
0.100000 0.003225 0.015150 24 1
0.150000 0.006075 0.022750 24 2
0.250000 0.014325 0.037850 24 3
0.350000 0.025925 0.053150 24 4
0.450000 0.040975 0.068350 24 5
0.050000 -0.003125 0.003650 25 0
0.100000 -0.005375 0.007350 25 1
0.150000 -0.006825 0.011050 25 2
0.250000 -0.007175 0.018350 25 3
0.350000 -0.004225 0.025750 25 4
0.450000 0.002125 0.033050 25 5
0.050000 -0.001525 0.002250 26 0
0.100000 -0.003825 0.004450 26 1
0.150000 -0.007025 0.006750 26 2
0.250000 -0.015875 0.011150 26 3
0.350000 -0.028175 0.015650 26 4
0.450000 -0.043825 0.020250 26 5
0.050000 -0.000775 -0.004550 27 0
0.100000 -0.002425 -0.009150 27 1
0.150000 -0.004875 -0.013750 27 2
0.250000 -0.012325 -0.022850 27 3
0.350000 -0.023125 -0.032050 27 4
0.450000 -0.037375 -0.041350 27 5
0.050000 0.001425 -0.009350 28 0
0.100000 0.001975 -0.018650 28 1
0.150000 0.001725 -0.027950 28 2
0.250000 -0.001325 -0.046550 28 3
0.350000 -0.007725 -0.065150 28 4
0.450000 -0.017475 -0.083850 28 5
0.050000 -0.004225 0.001950 29 0
0.100000 -0.007625 0.003950 29 1
0.150000 -0.010225 0.005950 29 2
0.250000 -0.012825 0.009850 29 3
0.350000 -0.012125 0.013750 29 4
0.450000 -0.008075 0.017650 29 5
0.050000 -0.000125 -0.008150 30 0
0.100000 0.000625 -0.016350 30 1
0.150000 0.002175 -0.024550 30 2
0.250000 0.007775 -0.040950 30 3
0.350000 0.016725 -0.057450 30 4
0.450000 0.029125 -0.073950 30 5
0.050000 0.004025 0.003450 31 0
0.100000 0.007175 0.006750 31 1
0.150000 0.009475 0.010150 31 2
0.250000 0.011675 0.016950 31 3
0.350000 0.010475 0.023750 31 4
0.450000 0.005925 0.030550 31 5
0.050000 -0.001075 0.006450 32 0
0.100000 -0.002975 0.012950 32 1
0.150000 -0.005725 0.019450 32 2
0.250000 -0.013725 0.032350 32 3
0.350000 -0.025125 0.045350 32 4
0.450000 -0.039925 0.058450 32 5
0.050000 -0.003325 0.009650 33 0
0.100000 -0.005825 0.019250 33 1
0.150000 -0.007525 0.028950 33 2
0.250000 -0.008325 0.048150 33 3
0.350000 -0.005825 0.067350 33 4
0.450000 -0.000025 0.086650 33 5
0.050000 0.003225 0.004650 34 0
0.100000 0.007275 0.009350 34 1
0.150000 0.012125 0.013950 34 2
0.250000 0.024475 0.023350 34 3
0.350000 0.040225 0.032750 34 4
0.450000 0.059475 0.042150 34 5
0.050000 0.003825 -0.009550 35 0
0.100000 0.006825 -0.019150 35 1
0.150000 0.008975 -0.028650 35 2
0.250000 0.010775 -0.047750 35 3
0.350000 0.009275 -0.066850 35 4
0.450000 0.004375 -0.085950 35 5
0.050000 0.003875 -0.001150 36 0
0.100000 0.006925 -0.002250 36 1
0.150000 0.009175 -0.003350 36 2
0.250000 0.011075 -0.005650 36 3
0.350000 0.009675 -0.007850 36 4
0.450000 0.004925 -0.010150 36 5
0.050000 0.000975 -0.008050 37 0
0.100000 0.002825 -0.016150 37 1
0.150000 0.005475 -0.024250 37 2
0.250000 0.013325 -0.040450 37 3
0.350000 0.024525 -0.056650 37 4
0.450000 0.039175 -0.073050 37 5
0.050000 -0.000075 0.008450 38 0
0.100000 -0.000975 0.016950 38 1
0.150000 -0.002675 0.025450 38 2
0.250000 -0.008625 0.042350 38 3
0.350000 -0.017975 0.059450 38 4
0.450000 -0.030725 0.076450 38 5
0.050000 0.002475 0.008550 39 0
0.100000 0.005825 0.017050 39 1
0.150000 0.009975 0.025550 39 2
0.250000 0.020825 0.042650 39 3
0.350000 0.035125 0.059850 39 4
0.450000 0.052875 0.077150 39 5
0.050000 0.001475 -0.004250 40 0
0.100000 0.002125 -0.008450 40 1
0.150000 0.001925 -0.012650 40 2
0.250000 -0.000975 -0.021150 40 3
0.350000 -0.007225 -0.029650 40 4
0.450000 -0.016825 -0.038050 40 5
0.050000 -0.005075 0.005150 41 0
0.100000 -0.010975 0.010350 41 1
0.150000 -0.017775 0.015550 41 2
0.250000 -0.033925 0.025950 41 3
0.350000 -0.053525 0.036450 41 4
0.450000 -0.076725 0.047050 41 5
0.050000 0.000925 0.000350 42 0
0.100000 0.002725 0.000750 42 1
0.150000 0.005325 0.001150 42 2
0.250000 0.013075 0.001950 42 3
0.350000 0.024225 0.002750 42 4
0.450000 0.038775 0.003650 42 5
0.050000 0.002475 0.003650 43 0
0.100000 0.004075 0.007250 43 1
0.150000 0.004875 0.010850 43 2
0.250000 0.003975 0.017950 43 3
0.350000 -0.000275 0.025250 43 4
0.450000 -0.007875 0.032450 43 5
0.050000 -0.002475 -0.003750 44 0
0.100000 -0.005825 -0.007450 44 1
0.150000 -0.009975 -0.011250 44 2
0.250000 -0.020825 -0.018750 44 3
0.350000 -0.035125 -0.026250 44 4
0.450000 -0.052875 -0.033850 44 5
0.050000 -0.000275 0.000050 45 0
0.100000 0.000275 0.000050 45 1
0.150000 0.001675 0.000050 45 2
0.250000 0.006975 0.000050 45 3
0.350000 0.015625 0.000150 45 4
0.450000 0.027675 0.000150 45 5
0.050000 0.001775 0.002550 46 0
0.100000 0.004375 0.005050 46 1
0.150000 0.007775 0.007550 46 2
0.250000 0.017175 0.012650 46 3
0.350000 0.029975 0.017750 46 4
0.450000 0.046175 0.022850 46 5
0.050000 0.005175 0.001150 47 0
0.100000 0.011175 0.002350 47 1
0.150000 0.018025 0.003550 47 2
0.250000 0.034325 0.005950 47 3
0.350000 0.054125 0.008450 47 4
0.450000 0.077525 0.010850 47 5
0.050000 -0.000525 0.002650 48 0
0.100000 -0.001875 0.005350 48 1
0.150000 -0.004075 0.007950 48 2
0.250000 -0.010975 0.013350 48 3
0.350000 -0.021225 0.018650 48 4
0.450000 -0.034875 0.024050 48 5
0.050000 0.004525 -0.004850 49 0
0.100000 0.009925 -0.009750 49 1
0.150000 0.016175 -0.014550 49 2
0.250000 0.031225 -0.024350 49 3
0.350000 0.049725 -0.034250 49 4
0.450000 0.071825 -0.044150 49 5
0.050000 -0.001875 -0.002750 50 0
0.100000 -0.002925 -0.005550 50 1
0.150000 -0.003125 -0.008350 50 2
0.250000 -0.001075 -0.013850 50 3
0.350000 0.004375 -0.019350 50 4
0.450000 0.013125 -0.024950 50 5
0.050000 -0.003025 -0.007750 51 0
0.100000 -0.005175 -0.015450 51 1
0.150000 -0.006525 -0.023150 51 2
0.250000 -0.006675 -0.038550 51 3
0.350000 -0.003525 -0.053950 51 4
0.450000 0.003025 -0.069450 51 5
0.050000 0.000325 0.008050 52 0
0.100000 0.001525 0.016150 52 1
0.150000 0.003525 0.024250 52 2
0.250000 0.010025 0.040350 52 3
0.350000 0.019925 0.056550 52 4
0.450000 0.033225 0.072850 52 5
0.050000 0.004925 0.006550 53 0
0.100000 0.010725 0.013150 53 1
0.150000 0.017375 0.019750 53 2
0.250000 0.033275 0.032950 53 3
0.350000 0.052625 0.046350 53 4
0.450000 0.075575 0.059750 53 5
0.050000 0.001775 -0.000650 54 0
0.100000 0.004425 -0.001350 54 1
0.150000 0.007925 -0.001950 54 2
0.250000 0.017375 -0.003250 54 3
0.350000 0.030225 -0.004550 54 4
0.450000 0.046525 -0.005950 54 5
0.050000 0.002425 -0.010050 55 0
0.100000 0.005675 -0.020050 55 1
0.150000 0.009775 -0.030150 55 2
0.250000 0.020475 -0.050250 55 3
0.350000 0.034575 -0.070450 55 4
0.450000 0.052175 -0.090850 55 5
0.050000 -0.000025 -0.007750 56 0
0.100000 -0.000925 -0.015450 56 1
0.150000 -0.002625 -0.023150 56 2
0.250000 -0.008525 -0.038550 56 3
0.350000 -0.017825 -0.054050 56 4
0.450000 -0.030525 -0.069650 56 5
0.050000 0.001975 -0.005450 57 0
0.100000 0.003125 -0.010950 57 1
0.150000 0.003475 -0.016450 57 2
0.250000 0.001625 -0.027450 57 3
0.350000 -0.003575 -0.038450 57 4
0.450000 -0.012125 -0.049450 57 5
0.050000 0.003825 0.006250 58 0
0.100000 0.006825 0.012450 58 1
0.150000 0.009025 0.018750 58 2
0.250000 0.010825 0.031150 58 3
0.350000 0.009325 0.043650 58 4
0.450000 0.004475 0.056050 58 5
0.050000 0.003375 0.008150 59 0
0.100000 0.005875 0.016250 59 1
0.150000 0.007575 0.024350 59 2
0.250000 0.008475 0.040550 59 3
0.350000 0.006025 0.056750 59 4
0.450000 0.000225 0.072950 59 5
0.050000 -0.002325 0.002650 60 0
0.100000 -0.005475 0.005350 60 1
0.150000 -0.009475 0.007950 60 2
0.250000 -0.019975 0.013350 60 3
0.350000 -0.033925 0.018750 60 4
0.450000 -0.051275 0.024150 60 5
0.050000 0.005275 -0.010150 61 0
0.100000 0.011425 -0.020450 61 1
0.150000 0.018475 -0.030650 61 2
0.250000 0.035075 -0.051250 61 3
0.350000 0.055175 -0.071850 61 4
0.450000 0.078825 -0.092750 61 5
0.050000 -0.005225 -0.005850 62 0
0.100000 -0.011275 -0.011750 62 1
0.150000 -0.018225 -0.017550 62 2
0.250000 -0.034625 -0.029350 62 3
0.350000 -0.054575 -0.041250 62 4
0.450000 -0.078075 -0.053250 62 5
0.050000 0.003575 -0.004250 63 0
0.100000 0.008025 -0.008550 63 1
0.150000 0.013275 -0.012850 63 2
0.250000 0.026375 -0.021450 63 3
0.350000 0.042925 -0.030050 63 4
0.450000 0.062925 -0.038750 63 5
0.050000 0.002025 -0.002450 64 0
0.100000 0.003225 -0.004950 64 1
0.150000 0.003625 -0.007350 64 2
0.250000 0.001875 -0.012350 64 3
0.350000 -0.003225 -0.017250 64 4
0.450000 -0.011725 -0.022150 64 5
0.050000 0.001675 0.001650 65 0
0.100000 0.004225 0.003250 65 1
0.150000 0.007575 0.004850 65 2
0.250000 0.016825 0.008050 65 3
0.350000 0.029525 0.011350 65 4
0.450000 0.045575 0.014650 65 5
0.050000 -0.000475 -0.000350 66 0
0.100000 -0.001775 -0.000650 66 1
0.150000 -0.003875 -0.000950 66 2
0.250000 -0.010675 -0.001550 66 3
0.350000 -0.020825 -0.002250 66 4
0.450000 -0.034375 -0.002850 66 5
0.050000 0.001375 0.001950 67 0
0.100000 0.001925 0.003850 67 1
0.150000 0.001625 0.005750 67 2
0.250000 -0.001475 0.009550 67 3
0.350000 -0.007925 0.013450 67 4
0.450000 -0.017725 0.017250 67 5
0.050000 0.004275 -0.006050 68 0
0.100000 0.007675 -0.011950 68 1
0.150000 0.010275 -0.017950 68 2
0.250000 0.012925 -0.029950 68 3
0.350000 0.012275 -0.041950 68 4
0.450000 0.008225 -0.053850 68 5
0.050000 0.003175 -0.006550 69 0
0.100000 0.005525 -0.013050 69 1
0.150000 0.007025 -0.019550 69 2
0.250000 0.007525 -0.032550 69 3
0.350000 0.004675 -0.045550 69 4
0.450000 -0.001475 -0.058650 69 5
0.050000 0.005275 -0.001850 70 0
0.100000 0.011375 -0.003650 70 1
0.150000 0.018375 -0.005450 70 2
0.250000 0.034925 -0.009150 70 3
0.350000 0.054975 -0.012850 70 4
0.450000 0.078575 -0.016550 70 5
0.050000 0.002775 0.005750 71 0
0.100000 0.004725 0.011450 71 1
0.150000 0.005825 0.017150 71 2
0.250000 0.005525 0.028550 71 3
0.350000 0.001875 0.039950 71 4
0.450000 -0.005125 0.051350 71 5
0.050000 -0.001075 0.003350 72 0
0.100000 -0.002975 0.006650 72 1
0.150000 -0.005675 0.010050 72 2
0.250000 -0.013675 0.016750 72 3
0.350000 -0.025075 0.023450 72 4
0.450000 -0.039825 0.030250 72 5
0.050000 0.003425 0.000450 73 0
0.100000 0.006075 0.000850 73 1
0.150000 0.007825 0.001250 73 2
0.250000 0.008875 0.002150 73 3
0.350000 0.006625 0.002950 73 4
0.450000 0.000975 0.003850 73 5
0.050000 0.000825 -0.002550 74 0
0.100000 0.002425 -0.005150 74 1
0.150000 0.004925 -0.007650 74 2
0.250000 0.012375 -0.012850 74 3
0.350000 0.023225 -0.017950 74 4
0.450000 0.037475 -0.023150 74 5
0.050000 0.005425 0.000450 75 0
0.100000 0.011675 0.000950 75 1
0.150000 0.018825 0.001450 75 2
0.250000 0.035675 0.002450 75 3
0.350000 0.056025 0.003450 75 4
0.450000 0.079975 0.004450 75 5
0.050000 -0.004225 0.006550 76 0
0.100000 -0.007625 0.013050 76 1
0.150000 -0.010225 0.019550 76 2
0.250000 -0.012825 0.032550 76 3
0.350000 -0.012125 0.045550 76 4
0.450000 -0.008025 0.058650 76 5
0.050000 0.004175 0.006150 77 0
0.100000 0.007525 0.012350 77 1
0.150000 0.010075 0.018550 77 2
0.250000 0.012575 0.030850 77 3
0.350000 0.011775 0.043250 77 4
0.450000 0.007625 0.055550 77 5
0.050000 0.004525 0.005350 78 0
0.100000 0.009875 0.010750 78 1
0.150000 0.016075 0.016150 78 2
0.250000 0.031025 0.026950 78 3
0.350000 0.049475 0.037850 78 4
0.450000 0.071475 0.048850 78 5
0.050000 0.001875 0.005950 79 0
0.100000 0.004575 0.011950 79 1
0.150000 0.008125 0.018050 79 2
0.250000 0.017775 0.030050 79 3
0.350000 0.030825 0.042150 79 4
0.450000 0.047275 0.054250 79 5
0.050000 -0.001125 -0.000350 80 0
0.100000 -0.003075 -0.000650 80 1
0.150000 -0.005875 -0.001050 80 2
0.250000 -0.013925 -0.001650 80 3
0.350000 -0.025425 -0.002350 80 4
0.450000 -0.040325 -0.003050 80 5
0.050000 0.004575 -0.005050 81 0
0.100000 0.008275 -0.010050 81 1
0.150000 0.011175 -0.015050 81 2
0.250000 0.014425 -0.025150 81 3
0.350000 0.014325 -0.035150 81 4
0.450000 0.010925 -0.045150 81 5
0.050000 -0.004275 0.008450 82 0
0.100000 -0.007675 0.016950 82 1
0.150000 -0.010275 0.025450 82 2
0.250000 -0.012975 0.042350 82 3
0.350000 -0.012325 0.059250 82 4
0.450000 -0.008325 0.076150 82 5
0.050000 -0.004975 0.002850 83 0
0.100000 -0.010825 0.005650 83 1
0.150000 -0.017525 0.008450 83 2
0.250000 -0.033475 0.014050 83 3
0.350000 -0.052925 0.019750 83 4
0.450000 -0.075975 0.025450 83 5
0.050000 -0.000225 0.004450 84 0
0.100000 -0.001275 0.008950 84 1
0.150000 -0.003175 0.013450 84 2
0.250000 -0.009525 0.022450 84 3
0.350000 -0.019175 0.031450 84 4
0.450000 -0.032275 0.040450 84 5
0.050000 0.004225 -0.006450 85 0
0.100000 0.007575 -0.012950 85 1
0.150000 0.010125 -0.019350 85 2
0.250000 0.012725 -0.032350 85 3
0.350000 0.011975 -0.045250 85 4
0.450000 0.007875 -0.058150 85 5
0.050000 -0.002025 0.001150 86 0
0.100000 -0.004925 0.002350 86 1
0.150000 -0.008625 0.003550 86 2
0.250000 -0.018625 0.005950 86 3
0.350000 -0.031975 0.008350 86 4
0.450000 -0.048775 0.010850 86 5
0.050000 -0.002175 -0.000350 87 0
0.100000 -0.005175 -0.000650 87 1
0.150000 -0.008975 -0.000950 87 2
0.250000 -0.019175 -0.001550 87 3
0.350000 -0.032775 -0.002150 87 4
0.450000 -0.049875 -0.002750 87 5
0.050000 0.001425 0.007750 88 0
0.100000 0.001975 0.015350 88 1
0.150000 0.001675 0.023050 88 2
0.250000 -0.001325 0.038450 88 3
0.350000 -0.007725 0.053950 88 4
0.450000 -0.017475 0.069350 88 5
0.050000 0.000975 0.009150 89 0
0.100000 0.001175 0.018250 89 1
0.150000 0.000475 0.027350 89 2
0.250000 -0.003375 0.045650 89 3
0.350000 -0.010575 0.063850 89 4
0.450000 -0.021125 0.082250 89 5
0.050000 0.002425 -0.009650 90 0
0.100000 0.005675 -0.019250 90 1
0.150000 0.009775 -0.028950 90 2
0.250000 0.020525 -0.048250 90 3
0.350000 0.034675 -0.067650 90 4
0.450000 0.052325 -0.087250 90 5
0.050000 -0.002175 -0.007750 91 0
0.100000 -0.005225 -0.015650 91 1
0.150000 -0.009075 -0.023450 91 2
0.250000 -0.019325 -0.039050 91 3
0.350000 -0.033025 -0.054850 91 4
0.450000 -0.050125 -0.070650 91 5
0.050000 -0.003325 0.008650 92 0
0.100000 -0.007475 0.017250 92 1
0.150000 -0.012475 0.025850 92 2
0.250000 -0.025025 0.043250 92 3
0.350000 -0.041025 0.060650 92 4
0.450000 -0.060475 0.078150 92 5
0.050000 -0.001625 0.008450 93 0
0.100000 -0.004075 0.016950 93 1
0.150000 -0.007375 0.025450 93 2
0.250000 -0.016525 0.042450 93 3
0.350000 -0.029025 0.059550 93 4
0.450000 -0.044975 0.076750 93 5
0.050000 -0.004525 0.008750 94 0
0.100000 -0.008275 0.017550 94 1
0.150000 -0.011125 0.026350 94 2
0.250000 -0.014375 0.043850 94 3
0.350000 -0.014225 0.061350 94 4
0.450000 -0.010825 0.078850 94 5
0.050000 0.003775 0.003750 95 0
0.100000 0.006725 0.007450 95 1
0.150000 0.008825 0.011150 95 2
0.250000 0.010525 0.018650 95 3
0.350000 0.008875 0.026050 95 4
0.450000 0.003925 0.033550 95 5
0.050000 -0.005125 -0.003450 96 0
0.100000 -0.011125 -0.006950 96 1
0.150000 -0.017975 -0.010450 96 2
0.250000 -0.034225 -0.017450 96 3
0.350000 -0.053975 -0.024450 96 4
0.450000 -0.077275 -0.031550 96 5
0.050000 -0.002375 -0.009850 97 0
0.100000 -0.003875 -0.019650 97 1
0.150000 -0.004575 -0.029450 97 2
0.250000 -0.003475 -0.049050 97 3
0.350000 0.000975 -0.068750 97 4
0.450000 0.008775 -0.088350 97 5
0.050000 -0.003075 0.007050 98 0
0.100000 -0.005325 0.014050 98 1
0.150000 -0.006725 0.021050 98 2
0.250000 -0.007025 0.035050 98 3
0.350000 -0.004025 0.049150 98 4
0.450000 0.002375 0.063150 98 5
0.050000 0.000175 -0.009150 99 0
0.100000 -0.000525 -0.018350 99 1
0.150000 -0.002025 -0.027650 99 2
0.250000 -0.007575 -0.046050 99 3
0.350000 -0.016475 -0.064550 99 4
0.450000 -0.028775 -0.083050 99 5
0.050000 0.002775 0.009650 100 0
0.100000 0.004775 0.019350 100 1
0.150000 0.005875 0.029050 100 2
0.250000 0.005625 0.048350 100 3
0.350000 0.002025 0.067650 100 4
0.450000 -0.004925 0.087050 100 5
0.050000 -0.003325 0.004150 101 0
0.100000 -0.005775 0.008350 101 1
0.150000 -0.007425 0.012550 101 2
0.250000 -0.008175 0.020850 101 3
0.350000 -0.005625 0.029250 101 4
0.450000 0.000275 0.037550 101 5
0.050000 -0.001925 -0.005450 102 0
0.100000 -0.004675 -0.010950 102 1
0.150000 -0.008225 -0.016350 102 2
0.250000 -0.017925 -0.027350 102 3
0.350000 -0.031025 -0.038350 102 4
0.450000 -0.047575 -0.049350 102 5
0.050000 0.004525 0.007350 103 0
0.100000 0.008225 0.014650 103 1
0.150000 0.011075 0.021950 103 2
0.250000 0.014225 0.036550 103 3
0.350000 0.014075 0.051150 103 4
0.450000 0.010575 0.065750 103 5
0.050000 0.004025 -0.002050 104 0
0.100000 0.008875 -0.004050 104 1
0.150000 0.014625 -0.006050 104 2
0.250000 0.028625 -0.010050 104 3
0.350000 0.046075 -0.014050 104 4
0.450000 0.067025 -0.018150 104 5
0.050000 -0.002475 -0.010150 105 0
0.100000 -0.004075 -0.020350 105 1
0.150000 -0.004875 -0.030550 105 2
0.250000 -0.003975 -0.050950 105 3
0.350000 0.000325 -0.071250 105 4
0.450000 0.007925 -0.091750 105 5
0.050000 0.004625 -0.003050 106 0
0.100000 0.010125 -0.006150 106 1
0.150000 0.016475 -0.009150 106 2
0.250000 0.031725 -0.015350 106 3
0.350000 0.050425 -0.021550 106 4
0.450000 0.072675 -0.027750 106 5
0.050000 -0.003125 -0.009950 107 0
0.100000 -0.007125 -0.019850 107 1
0.150000 -0.011975 -0.029850 107 2
0.250000 -0.024175 -0.049850 107 3
0.350000 -0.039775 -0.069950 107 4
0.450000 -0.058925 -0.090150 107 5
0.050000 -0.000875 0.002150 108 0
0.100000 -0.000875 0.004350 108 1
0.150000 -0.000075 0.006550 108 2
0.250000 0.004025 0.010950 108 3
0.350000 0.011525 0.015350 108 4
0.450000 0.022375 0.019750 108 5
0.050000 -0.003925 0.007350 109 0
0.100000 -0.008675 0.014750 109 1
0.150000 -0.014225 0.022150 109 2
0.250000 -0.027975 0.037050 109 3
0.350000 -0.045225 0.051950 109 4
0.450000 -0.065925 0.067050 109 5
0.050000 -0.000825 -0.004550 110 0
0.100000 -0.000825 -0.009050 110 1
0.150000 -0.000025 -0.013550 110 2
0.250000 0.004125 -0.022550 110 3
0.350000 0.011675 -0.031650 110 4
0.450000 0.022575 -0.040650 110 5
0.050000 0.000225 0.006950 111 0
0.100000 -0.000375 0.013950 111 1
0.150000 -0.001825 0.020850 111 2
0.250000 -0.007225 0.034750 111 3
0.350000 -0.015975 0.048750 111 4
0.450000 -0.028075 0.062750 111 5
0.050000 0.000475 -0.002350 112 0
0.100000 0.001775 -0.004650 112 1
0.150000 0.003875 -0.006950 112 2
0.250000 0.010675 -0.011550 112 3
0.350000 0.020775 -0.016150 112 4
0.450000 0.034325 -0.020850 112 5
0.050000 -0.001875 0.003050 113 0
0.100000 -0.004575 0.006150 113 1
0.150000 -0.008125 0.009150 113 2
0.250000 -0.017725 0.015250 113 3
0.350000 -0.030725 0.021450 113 4
0.450000 -0.047175 0.027650 113 5
0.050000 0.001025 0.009650 114 0
0.100000 0.002875 0.019350 114 1
0.150000 0.005575 0.029050 114 2
0.250000 0.013475 0.048450 114 3
0.350000 0.024725 0.067950 114 4
0.450000 0.039425 0.087550 114 5
0.050000 0.000975 0.010150 115 0
0.100000 0.002775 0.020250 115 1
0.150000 0.005425 0.030450 115 2
0.250000 0.013225 0.050750 115 3
0.350000 0.024375 0.071150 115 4
0.450000 0.038975 0.091650 115 5
0.050000 -0.002475 0.008050 116 0
0.100000 -0.004075 0.016050 116 1
0.150000 -0.004875 0.024050 116 2
0.250000 -0.003975 0.039950 116 3
0.350000 0.000275 0.056050 116 4
0.450000 0.007875 0.072050 116 5
0.050000 -0.001425 -0.005450 117 0
0.100000 -0.003675 -0.010850 117 1
0.150000 -0.006775 -0.016250 117 2
0.250000 -0.015525 -0.027050 117 3
0.350000 -0.027625 -0.037950 117 4
0.450000 -0.043175 -0.048950 117 5
0.050000 -0.003125 0.005450 118 0
0.100000 -0.007075 0.010950 118 1
0.150000 -0.011875 0.016450 118 2
0.250000 -0.024025 0.027550 118 3
0.350000 -0.039625 0.038650 118 4
0.450000 -0.058675 0.049750 118 5
0.050000 0.004225 0.000450 119 0
0.100000 0.009275 0.000950 119 1
0.150000 0.015175 0.001450 119 2
0.250000 0.029575 0.002450 119 3
0.350000 0.047375 0.003450 119 4
0.450000 0.068775 0.004450 119 5
0.050000 -0.004425 0.000250 120 0
0.100000 -0.007975 0.000450 120 1
0.150000 -0.010725 0.000650 120 2
0.250000 -0.013675 0.001050 120 3
0.350000 -0.013325 0.001450 120 4
0.450000 -0.009625 0.001850 120 5
0.050000 0.003025 -0.001350 121 0
0.100000 0.006925 -0.002650 121 1
0.150000 0.011625 -0.003950 121 2
0.250000 0.023625 -0.006550 121 3
0.350000 0.039025 -0.009150 121 4
0.450000 0.057925 -0.011850 121 5
0.050000 -0.003475 -0.005150 122 0
0.100000 -0.007825 -0.010350 122 1
0.150000 -0.013025 -0.015550 122 2
0.250000 -0.025925 -0.025950 122 3
0.350000 -0.042275 -0.036450 122 4
0.450000 -0.062125 -0.046950 122 5
0.050000 -0.001725 0.004550 123 0
0.100000 -0.002575 0.009050 123 1
0.150000 -0.002625 0.013550 123 2
0.250000 -0.000175 0.022650 123 3
0.350000 0.005575 0.031650 123 4
0.450000 0.014725 0.040750 123 5
0.050000 0.003275 -0.007250 124 0
0.100000 0.007375 -0.014550 124 1
0.150000 0.012325 -0.021750 124 2
0.250000 0.024825 -0.036350 124 3
0.350000 0.040725 -0.050950 124 4
0.450000 0.060075 -0.065750 124 5
0.050000 0.002925 0.006950 125 0
0.100000 0.004975 0.013750 125 1
0.150000 0.006225 0.020650 125 2
0.250000 0.006175 0.034450 125 3
0.350000 0.002775 0.048250 125 4
0.450000 -0.003925 0.062050 125 5
0.050000 0.003375 0.009150 126 0
0.100000 0.005875 0.018250 126 1
0.150000 0.007575 0.027350 126 2
0.250000 0.008425 0.045650 126 3
0.350000 0.005975 0.063850 126 4
0.450000 0.000175 0.082150 126 5
0.050000 0.001675 -0.006250 127 0
0.100000 0.002575 -0.012450 127 1
0.150000 0.002575 -0.018650 127 2
0.250000 0.000175 -0.031050 127 3
0.350000 -0.005625 -0.043450 127 4
0.450000 -0.014775 -0.055950 127 5
0.050000 0.002075 -0.009350 128 0
0.100000 0.005025 -0.018650 128 1
0.150000 0.008775 -0.028050 128 2
0.250000 0.018825 -0.046850 128 3
0.350000 0.032325 -0.065650 128 4
0.450000 0.049225 -0.084550 128 5
0.050000 0.001875 -0.004850 129 0
0.100000 0.004625 -0.009650 129 1
0.150000 0.008175 -0.014450 129 2
0.250000 0.017875 -0.024050 129 3
0.350000 0.030925 -0.033750 129 4
0.450000 0.047425 -0.043450 129 5
0.050000 0.002325 0.005350 130 0
0.100000 0.003775 0.010750 130 1
0.150000 0.004425 0.016150 130 2
0.250000 0.003175 0.026850 130 3
0.350000 -0.001375 0.037650 130 4
0.450000 -0.009325 0.048350 130 5
0.050000 -0.000525 0.005850 131 0
0.100000 -0.001875 0.011650 131 1
0.150000 -0.004025 0.017450 131 2
0.250000 -0.010925 0.029050 131 3
0.350000 -0.021175 0.040750 131 4
0.450000 -0.034825 0.052450 131 5
0.050000 -0.004225 0.005950 132 0
0.100000 -0.009325 0.011950 132 1
0.150000 -0.015275 0.017950 132 2
0.250000 -0.029675 0.029950 132 3
0.350000 -0.047575 0.042050 132 4
0.450000 -0.069025 0.054150 132 5
0.050000 -0.002125 -0.006450 133 0
0.100000 -0.005025 -0.012850 133 1
0.150000 -0.008825 -0.019350 133 2
0.250000 -0.018875 -0.032250 133 3
0.350000 -0.032375 -0.045250 133 4
0.450000 -0.049325 -0.058250 133 5
0.050000 0.003025 -0.010150 134 0
0.100000 0.005275 -0.020350 134 1
0.150000 0.006625 -0.030450 134 2
0.250000 0.006875 -0.050750 134 3
0.350000 0.003775 -0.071050 134 4
0.450000 -0.002675 -0.091350 134 5
0.050000 -0.000575 0.006450 135 0
0.100000 -0.001975 0.012950 135 1
0.150000 -0.004175 0.019450 135 2
0.250000 -0.011175 0.032450 135 3
0.350000 -0.021525 0.045550 135 4
0.450000 -0.035275 0.058650 135 5
0.050000 0.001525 -0.001050 136 0
0.100000 0.002175 -0.002150 136 1
0.150000 0.002025 -0.003250 136 2
0.250000 -0.000775 -0.005450 136 3
0.350000 -0.006925 -0.007650 136 4
0.450000 -0.016425 -0.009750 136 5
0.050000 0.003125 -0.003450 137 0
0.100000 0.007125 -0.006950 137 1
0.150000 0.011975 -0.010350 137 2
0.250000 0.024175 -0.017350 137 3
0.350000 0.039775 -0.024250 137 4
0.450000 0.058925 -0.031350 137 5
2
0.050000 -0.004075 0.004250 0 0
0.100000 -0.009025 0.008450 0 1
0.150000 -0.014775 0.012750 0 2
0.250000 -0.028925 0.021250 0 3
0.350000 -0.046475 0.029850 0 4
0.450000 -0.067575 0.038450 0 5
0.050000 -0.002075 0.007750 1 0
0.100000 -0.003325 0.015450 1 1
0.150000 -0.003775 0.023250 1 2
0.250000 -0.002075 0.038750 1 3
0.350000 0.002925 0.054150 1 4
0.450000 0.011275 0.069750 1 5
0.050000 0.003425 0.001950 2 0
0.100000 0.006025 0.003950 2 1
0.150000 0.007825 0.005950 2 2
0.250000 0.008825 0.009950 2 3
0.350000 0.006525 0.013950 2 4
0.450000 0.000875 0.017950 2 5
0.050000 0.005225 0.004050 3 0
0.100000 0.011325 0.008050 3 1
0.150000 0.018275 0.012150 3 2
0.250000 0.034775 0.020250 3 3
0.350000 0.054775 0.028450 3 4
0.450000 0.078375 0.036750 3 5
0.050000 0.001675 -0.004150 4 0
0.100000 0.002475 -0.008250 4 1
0.150000 0.002475 -0.012350 4 2
0.250000 -0.000075 -0.020550 4 3
0.350000 -0.005925 -0.028850 4 4
0.450000 -0.015175 -0.037050 4 5
0.050000 -0.000675 0.010050 5 0
0.100000 -0.000475 0.020150 5 1
0.150000 0.000525 0.030250 5 2
0.250000 0.005025 0.050350 5 3
0.350000 0.012875 0.070550 5 4
0.450000 0.024125 0.090850 5 5
0.050000 0.005425 0.004550 6 0
0.100000 0.011675 0.009150 6 1
0.150000 0.018775 0.013650 6 2
0.250000 0.035575 0.022850 6 3
0.350000 0.055875 0.032150 6 4
0.450000 0.079775 0.041450 6 5
0.050000 0.003625 -0.006050 7 0
0.100000 0.006375 -0.012050 7 1
0.150000 0.008325 -0.018050 7 2
0.250000 0.009675 -0.030150 7 3
0.350000 0.007675 -0.042150 7 4
0.450000 0.002375 -0.054250 7 5
0.050000 0.003475 0.006150 8 0
0.100000 0.006075 0.012250 8 1
0.150000 0.007825 0.018350 8 2
0.250000 0.008925 0.030550 8 3
0.350000 0.006625 0.042750 8 4
0.450000 0.001025 0.054950 8 5
0.050000 0.005125 -0.008150 9 0
0.100000 0.011125 -0.016250 9 1
0.150000 0.018025 -0.024350 9 2
0.250000 0.034275 -0.040750 9 3
0.350000 0.054075 -0.057150 9 4
0.450000 0.077425 -0.073750 9 5
0.050000 -0.001125 -0.001950 10 0
0.100000 -0.001425 -0.003950 10 1
0.150000 -0.000925 -0.005850 10 2
0.250000 0.002675 -0.009750 10 3
0.350000 0.009575 -0.013750 10 4
0.450000 0.019875 -0.017650 10 5
0.050000 -0.002625 -0.004350 11 0
0.100000 -0.006075 -0.008650 11 1
0.150000 -0.010375 -0.012950 11 2
0.250000 -0.021525 -0.021650 11 3
0.350000 -0.036075 -0.030350 11 4
0.450000 -0.054075 -0.039150 11 5
0.050000 -0.000975 -0.003650 12 0
0.100000 -0.002825 -0.007250 12 1
0.150000 -0.005525 -0.010950 12 2
0.250000 -0.013375 -0.018250 12 3
0.350000 -0.024575 -0.025550 12 4
0.450000 -0.039225 -0.032950 12 5
0.050000 0.003925 0.004750 13 0
0.100000 0.006975 0.009450 13 1
0.150000 0.009175 0.014150 13 2
0.250000 0.011125 0.023550 13 3
0.350000 0.009725 0.032950 13 4
0.450000 0.005025 0.042350 13 5
0.050000 0.001275 0.007150 14 0
0.100000 0.003325 0.014350 14 1
0.150000 0.006275 0.021550 14 2
0.250000 0.014625 0.036050 14 3
0.350000 0.026425 0.050450 14 4
0.450000 0.041575 0.065050 14 5
0.050000 0.004125 -0.002050 15 0
0.100000 0.009075 -0.004150 15 1
0.150000 0.014825 -0.006150 15 2
0.250000 0.029025 -0.010350 15 3
0.350000 0.046625 -0.014550 15 4
0.450000 0.067775 -0.018750 15 5
0.050000 -0.001125 0.006950 16 0
0.100000 -0.001425 0.013850 16 1
0.150000 -0.000925 0.020750 16 2
0.250000 0.002625 0.034550 16 3
0.350000 0.009525 0.048350 16 4
0.450000 0.019825 0.062250 16 5
0.050000 -0.000475 -0.004850 17 0
0.100000 -0.000075 -0.009650 17 1
0.150000 0.001125 -0.014450 17 2
0.250000 0.006025 -0.024150 17 3
0.350000 0.014325 -0.033850 17 4
0.450000 0.025975 -0.043650 17 5
0.050000 -0.003325 -0.003950 18 0
0.100000 -0.007525 -0.007850 18 1
0.150000 -0.012525 -0.011750 18 2
0.250000 -0.025125 -0.019550 18 3
0.350000 -0.041125 -0.027450 18 4
0.450000 -0.060625 -0.035450 18 5
0.050000 0.002875 0.010050 19 0
0.100000 0.006575 0.020150 19 1
0.150000 0.011075 0.030250 19 2
0.250000 0.022725 0.050450 19 3
0.350000 0.037725 0.070850 19 4
0.450000 0.056275 0.091250 19 5
0.050000 0.001175 0.008650 20 0
0.100000 0.003125 0.017250 20 1
0.150000 0.005975 0.025850 20 2
0.250000 0.014125 0.043050 20 3
0.350000 0.025675 0.060450 20 4
0.450000 0.040625 0.077850 20 5
0.050000 0.002475 0.004250 21 0
0.100000 0.004075 0.008550 21 1
0.150000 0.004875 0.012750 21 2
0.250000 0.003975 0.021250 21 3
0.350000 -0.000275 0.029850 21 4
0.450000 -0.007875 0.038350 21 5
0.050000 0.001025 0.004950 22 0
0.100000 0.001275 0.009950 22 1
0.150000 0.000625 0.014950 22 2
0.250000 -0.003125 0.024950 22 3
0.350000 -0.010225 0.034850 22 4
0.450000 -0.020675 0.044950 22 5
0.050000 0.004875 -0.007250 23 0
0.100000 0.010575 -0.014550 23 1
0.150000 0.017175 -0.021850 23 2
0.250000 0.032925 -0.036450 23 3
0.350000 0.052125 -0.051150 23 4
0.450000 0.074875 -0.065950 23 5
0.050000 0.000275 -0.004150 24 0
0.100000 -0.000275 -0.008250 24 1
0.150000 -0.001675 -0.012350 24 2
0.250000 -0.006975 -0.020550 24 3
0.350000 -0.015625 -0.028850 24 4
0.450000 -0.027675 -0.037050 24 5
0.050000 0.003825 0.008550 25 0
0.100000 0.006775 0.017150 25 1
0.150000 0.008925 0.025650 25 2
0.250000 0.010675 0.042750 25 3
0.350000 0.009075 0.059750 25 4
0.450000 0.004175 0.076850 25 5
0.050000 0.000575 0.009450 26 0
0.100000 0.000325 0.018850 26 1
0.150000 -0.000775 0.028250 26 2
0.250000 -0.005475 0.047050 26 3
0.350000 -0.013525 0.065850 26 4
0.450000 -0.024975 0.084850 26 5
0.050000 0.001975 0.006650 27 0
0.100000 0.004825 0.013350 27 1
0.150000 0.008475 0.020150 27 2
0.250000 0.018325 0.033550 27 3
0.350000 0.031625 0.047050 27 4
0.450000 0.048325 0.060650 27 5
0.050000 0.003975 0.001450 28 0
0.100000 0.008825 0.002850 28 1
0.150000 0.014475 0.004250 28 2
0.250000 0.028375 0.007150 28 3
0.350000 0.045775 0.009950 28 4
0.450000 0.066675 0.012850 28 5
0.050000 -0.000675 -0.010150 29 0
0.100000 -0.000525 -0.020250 29 1
0.150000 0.000425 -0.030450 29 2
0.250000 0.004925 -0.050750 29 3
0.350000 0.012725 -0.071050 29 4
0.450000 0.023925 -0.091450 29 5
0.050000 -0.002275 -0.004150 30 0
0.100000 -0.003675 -0.008350 30 1
0.150000 -0.004275 -0.012450 30 2
0.250000 -0.002925 -0.020750 30 3
0.350000 0.001725 -0.029050 30 4
0.450000 0.009775 -0.037350 30 5
0.050000 -0.003125 0.008650 31 0
0.100000 -0.007125 0.017250 31 1
0.150000 -0.011925 0.025950 31 2
0.250000 -0.024125 0.043350 31 3
0.350000 -0.039775 0.060750 31 4
0.450000 -0.058875 0.078350 31 5
0.050000 -0.002525 0.002150 32 0
0.100000 -0.004175 0.004350 32 1
0.150000 -0.005025 0.006550 32 2
0.250000 -0.004175 0.010950 32 3
0.350000 0.000025 0.015350 32 4
0.450000 0.007525 0.019750 32 5
0.050000 -0.001475 -0.006750 33 0
0.100000 -0.003775 -0.013550 33 1
0.150000 -0.006875 -0.020450 33 2
0.250000 -0.015675 -0.034050 33 3
0.350000 -0.027875 -0.047750 33 4
0.450000 -0.043475 -0.061450 33 5
0.050000 -0.005375 -0.004550 34 0
0.100000 -0.011625 -0.009150 34 1
0.150000 -0.018725 -0.013750 34 2
0.250000 -0.035525 -0.022950 34 3
0.350000 -0.055825 -0.032250 34 4
0.450000 -0.079725 -0.041650 34 5
0.050000 -0.003275 -0.009450 35 0
0.100000 -0.005675 -0.018850 35 1
0.150000 -0.007275 -0.028250 35 2
0.250000 -0.007975 -0.046950 35 3
0.350000 -0.005325 -0.065750 35 4
0.450000 0.000675 -0.084550 35 5
0.050000 0.004025 0.007450 36 0
0.100000 0.007175 0.014950 36 1
0.150000 0.009475 0.022450 36 2
0.250000 0.011675 0.037450 36 3
0.350000 0.010475 0.052350 36 4
0.450000 0.005925 0.067350 36 5
0.050000 -0.003175 0.006850 37 0
0.100000 -0.005525 0.013750 37 1
0.150000 -0.007025 0.020650 37 2
0.250000 -0.007525 0.034350 37 3
0.350000 -0.004675 0.048050 37 4
0.450000 0.001475 0.061850 37 5
0.050000 -0.002625 -0.003350 38 0
0.100000 -0.006075 -0.006650 38 1
0.150000 -0.010375 -0.009950 38 2
0.250000 -0.021525 -0.016650 38 3
0.350000 -0.036125 -0.023450 38 4
0.450000 -0.054125 -0.030150 38 5
0.050000 -0.001325 0.010050 39 0
0.100000 -0.001775 0.019950 39 1
0.150000 -0.001425 0.029950 39 2
0.250000 0.001825 0.050050 39 3
0.350000 0.008375 0.070050 39 4
0.450000 0.018325 0.090150 39 5
0.050000 0.002975 -0.001150 40 0
0.100000 0.006725 -0.002250 40 1
0.150000 0.011375 -0.003350 40 2
0.250000 0.023175 -0.005550 40 3
0.350000 0.038425 -0.007850 40 4
0.450000 0.057125 -0.010150 40 5
0.050000 0.002825 -0.008250 41 0
0.100000 0.004775 -0.016450 41 1
0.150000 0.005925 -0.024650 41 2
0.250000 0.005675 -0.041050 41 3
0.350000 0.002125 -0.057450 41 4
0.450000 -0.004775 -0.073850 41 5
0.050000 0.001125 0.002050 42 0
0.100000 0.001475 0.004050 42 1
0.150000 0.000925 0.006050 42 2
0.250000 -0.002575 0.010150 42 3
0.350000 -0.009475 0.014150 42 4
0.450000 -0.019725 0.018250 42 5
0.050000 -0.001575 0.001850 43 0
0.100000 -0.003925 0.003650 43 1
0.150000 -0.007175 0.005550 43 2
0.250000 -0.016125 0.009150 43 3
0.350000 -0.028525 0.012850 43 4
0.450000 -0.044325 0.016650 43 5
0.050000 0.001925 0.008850 44 0
0.100000 0.002975 0.017650 44 1
0.150000 0.003225 0.026450 44 2
0.250000 0.001175 0.044150 44 3
0.350000 -0.004175 0.061850 44 4
0.450000 -0.012925 0.079550 44 5
0.050000 0.003325 -0.001750 45 0
0.100000 0.005825 -0.003450 45 1
0.150000 0.007525 -0.005050 45 2
0.250000 0.008325 -0.008450 45 3
0.350000 0.005825 -0.011850 45 4
0.450000 -0.000025 -0.015250 45 5
0.050000 -0.002275 0.001050 46 0
0.100000 -0.003725 0.002050 46 1
0.150000 -0.004325 0.003050 46 2
0.250000 -0.003025 0.005050 46 3
0.350000 0.001625 0.007150 46 4
0.450000 0.009625 0.009150 46 5
0.050000 -0.004175 0.003950 47 0
0.100000 -0.009175 0.007950 47 1
0.150000 -0.015025 0.011850 47 2
0.250000 -0.029275 0.019850 47 3
0.350000 -0.046975 0.027850 47 4
0.450000 -0.068225 0.035850 47 5
0.050000 -0.001225 0.000250 48 0
0.100000 -0.003275 0.000450 48 1
0.150000 -0.006175 0.000650 48 2
0.250000 -0.014475 0.001050 48 3
0.350000 -0.026175 0.001450 48 4
0.450000 -0.041325 0.001950 48 5
0.050000 0.001275 -0.001150 49 0
0.100000 0.003375 -0.002350 49 1
0.150000 0.006325 -0.003550 49 2
0.250000 0.014725 -0.005950 49 3
0.350000 0.026525 -0.008450 49 4
0.450000 0.041775 -0.010850 49 5
0.050000 -0.001325 0.002050 50 0
0.100000 -0.001775 0.004150 50 1
0.150000 -0.001425 0.006150 50 2
0.250000 0.001775 0.010350 50 3
0.350000 0.008325 0.014450 50 4
0.450000 0.018275 0.018550 50 5
0.050000 0.001425 -0.006650 51 0
0.100000 0.003725 -0.013350 51 1
0.150000 0.006825 -0.020050 51 2
0.250000 0.015575 -0.033450 51 3
0.350000 0.027675 -0.046850 51 4
0.450000 0.043225 -0.060450 51 5
0.050000 -0.000575 0.004650 52 0
0.100000 -0.002025 0.009350 52 1
0.150000 -0.004275 0.014050 52 2
0.250000 -0.011325 0.023350 52 3
0.350000 -0.021725 0.032750 52 4
0.450000 -0.035525 0.042250 52 5
0.050000 0.003825 0.001850 53 0
0.100000 0.008475 0.003650 53 1
0.150000 0.013975 0.005450 53 2
0.250000 0.027475 0.009050 53 3
0.350000 0.044475 0.012650 53 4
0.450000 0.065025 0.016350 53 5
0.050000 -0.000875 -0.004350 54 0
0.100000 -0.002575 -0.008650 54 1
0.150000 -0.005125 -0.013050 54 2
0.250000 -0.012675 -0.021750 54 3
0.350000 -0.023675 -0.030450 54 4
0.450000 -0.038025 -0.039250 54 5
0.050000 0.003525 0.004250 55 0
0.100000 0.007925 0.008550 55 1
0.150000 0.013125 0.012750 55 2
0.250000 0.026125 0.021350 55 3
0.350000 0.042525 0.029950 55 4
0.450000 0.062475 0.038650 55 5
0.050000 -0.003475 -0.004850 56 0
0.100000 -0.007775 -0.009750 56 1
0.150000 -0.012925 -0.014650 56 2
0.250000 -0.025825 -0.024350 56 3
0.350000 -0.042125 -0.034250 56 4
0.450000 -0.061925 -0.044150 56 5
0.050000 0.003825 0.009550 57 0
0.100000 0.008475 0.019150 57 1
0.150000 0.013925 0.028650 57 2
0.250000 0.027475 0.047850 57 3
0.350000 0.044475 0.067150 57 4
0.450000 0.064975 0.086650 57 5
0.050000 0.002075 0.004250 58 0
0.100000 0.003325 0.008450 58 1
0.150000 0.003725 0.012650 58 2
0.250000 0.002025 0.021150 58 3
0.350000 -0.002975 0.029550 58 4
0.450000 -0.011375 0.038050 58 5
0.050000 -0.000625 -0.009250 59 0
0.100000 -0.000425 -0.018450 59 1
0.150000 0.000625 -0.027650 59 2
0.250000 0.005225 -0.046050 59 3
0.350000 0.013175 -0.064550 59 4
0.450000 0.024475 -0.083150 59 5
0.050000 -0.004075 0.005750 60 0
0.100000 -0.008925 0.011550 60 1
0.150000 -0.014675 0.017350 60 2
0.250000 -0.028725 0.029050 60 3
0.350000 -0.046275 0.040750 60 4
0.450000 -0.067275 0.052550 60 5
0.050000 0.002475 0.009550 61 0
0.100000 0.004125 0.019150 61 1
0.150000 0.004925 0.028650 61 2
0.250000 0.003975 0.047750 61 3
0.350000 -0.000225 0.066850 61 4
0.450000 -0.007825 0.085950 61 5
0.050000 0.003425 -0.005650 62 0
0.100000 0.005975 -0.011350 62 1
0.150000 0.007725 -0.016950 62 2
0.250000 0.008725 -0.028250 62 3
0.350000 0.006375 -0.039550 62 4
0.450000 0.000675 -0.050950 62 5
0.050000 -0.001575 0.002850 63 0
0.100000 -0.003975 0.005750 63 1
0.150000 -0.007225 0.008650 63 2
0.250000 -0.016275 0.014450 63 3
0.350000 -0.028675 0.020250 63 4
0.450000 -0.044525 0.026150 63 5
0.050000 0.002675 0.004450 64 0
0.100000 0.006175 0.008950 64 1
0.150000 0.010475 0.013450 64 2
0.250000 0.021725 0.022450 64 3
0.350000 0.036325 0.031450 64 4
0.450000 0.054425 0.040550 64 5
0.050000 0.001425 0.009050 65 0
0.100000 0.002075 0.018150 65 1
0.150000 0.001825 0.027150 65 2
0.250000 -0.001125 0.045250 65 3
0.350000 -0.007375 0.063350 65 4
0.450000 -0.017075 0.081550 65 5
0.050000 0.003125 -0.007450 66 0
0.100000 0.007125 -0.014950 66 1
0.150000 0.011925 -0.022450 66 2
0.250000 0.024125 -0.037550 66 3
0.350000 0.039775 -0.052650 66 4
0.450000 0.058875 -0.067850 66 5
0.050000 0.000125 -0.007250 67 0
0.100000 -0.000625 -0.014550 67 1
0.150000 -0.002175 -0.021850 67 2
0.250000 -0.007775 -0.036450 67 3
0.350000 -0.016725 -0.051150 67 4
0.450000 -0.029125 -0.065750 67 5
0.050000 0.003475 0.003350 68 0
0.100000 0.006075 0.006650 68 1
0.150000 0.007875 0.009950 68 2
0.250000 0.008925 0.016550 68 3
0.350000 0.006675 0.023250 68 4
0.450000 0.001075 0.029850 68 5
0.050000 0.003725 0.006350 69 0
0.100000 0.008275 0.012750 69 1
0.150000 0.013725 0.019250 69 2
0.250000 0.027075 0.032050 69 3
0.350000 0.043925 0.044950 69 4
0.450000 0.064275 0.057950 69 5
0.050000 0.000225 -0.009750 70 0
0.100000 -0.000325 -0.019450 70 1
0.150000 -0.001775 -0.029150 70 2
0.250000 -0.007125 -0.048550 70 3
0.350000 -0.015825 -0.068050 70 4
0.450000 -0.027925 -0.087550 70 5
0.050000 0.004575 0.009150 71 0
0.100000 0.008325 0.018350 71 1
0.150000 0.011275 0.027450 71 2
0.250000 0.014575 0.045750 71 3
0.350000 0.014575 0.064050 71 4
0.450000 0.011225 0.082350 71 5
0.050000 -0.000425 -0.005850 72 0
0.100000 -0.001725 -0.011650 72 1
0.150000 -0.003825 -0.017450 72 2
0.250000 -0.010525 -0.029150 72 3
0.350000 -0.020625 -0.040850 72 4
0.450000 -0.034125 -0.052650 72 5
0.050000 -0.000575 0.008450 73 0
0.100000 -0.001975 0.016850 73 1
0.150000 -0.004275 0.025350 73 2
0.250000 -0.011275 0.042250 73 3
0.350000 -0.021675 0.059250 73 4
0.450000 -0.035475 0.076250 73 5
0.050000 0.004925 0.002250 74 0
0.100000 0.010725 0.004450 74 1
0.150000 0.017375 0.006650 74 2
0.250000 0.033275 0.011050 74 3
0.350000 0.052625 0.015550 74 4
0.450000 0.075575 0.020050 74 5
0.050000 -0.000125 0.005650 75 0
0.100000 0.000625 0.011350 75 1
0.150000 0.002175 0.017050 75 2
0.250000 0.007775 0.028450 75 3
0.350000 0.016725 0.039850 75 4
0.450000 0.029075 0.051250 75 5
0.050000 -0.003775 0.005750 76 0
0.100000 -0.008375 0.011550 76 1
0.150000 -0.013825 0.017350 76 2
0.250000 -0.027275 0.028950 76 3
0.350000 -0.044175 0.040650 76 4
0.450000 -0.064625 0.052450 76 5
0.050000 -0.003425 0.006250 77 0
0.100000 -0.005975 0.012450 77 1
0.150000 -0.007725 0.018550 77 2
0.250000 -0.008675 0.030950 77 3
0.350000 -0.006325 0.043350 77 4
0.450000 -0.000625 0.055750 77 5
0.050000 0.000225 0.010050 78 0
0.100000 -0.000375 0.020150 78 1
0.150000 -0.001825 0.030150 78 2
0.250000 -0.007225 0.050350 78 3
0.350000 -0.015975 0.070550 78 4
0.450000 -0.028075 0.090750 78 5
0.050000 -0.004075 0.001950 79 0
0.100000 -0.007325 0.003850 79 1
0.150000 -0.009725 0.005750 79 2
0.250000 -0.012025 0.009650 79 3
0.350000 -0.011025 0.013450 79 4
0.450000 -0.006675 0.017350 79 5
0.050000 0.003275 -0.006550 80 0
0.100000 0.007425 -0.013050 80 1
0.150000 0.012375 -0.019650 80 2
0.250000 0.024875 -0.032850 80 3
0.350000 0.040775 -0.046050 80 4
0.450000 0.060175 -0.059350 80 5
0.050000 -0.002425 -0.001350 81 0
0.100000 -0.005625 -0.002650 81 1
0.150000 -0.009725 -0.003950 81 2
0.250000 -0.020425 -0.006650 81 3
0.350000 -0.034525 -0.009350 81 4
0.450000 -0.052125 -0.012050 81 5
0.050000 -0.000025 0.001250 82 0
0.100000 0.000775 0.002450 82 1
0.150000 0.002425 0.003650 82 2
0.250000 0.008225 0.006150 82 3
0.350000 0.017425 0.008550 82 4
0.450000 0.029975 0.011050 82 5
0.050000 -0.002475 -0.001950 83 0
0.100000 -0.005825 -0.003850 83 1
0.150000 -0.009975 -0.005750 83 2
0.250000 -0.020825 -0.009650 83 3
0.350000 -0.035125 -0.013450 83 4
0.450000 -0.052825 -0.017350 83 5
0.050000 -0.002275 -0.004850 84 0
0.100000 -0.003725 -0.009750 84 1
0.150000 -0.004325 -0.014650 84 2
0.250000 -0.003075 -0.024450 84 3
0.350000 0.001525 -0.034250 84 4
0.450000 0.009475 -0.044050 84 5
0.050000 0.004475 -0.002050 85 0
0.100000 0.009775 -0.004150 85 1
0.150000 0.015925 -0.006250 85 2
0.250000 0.030775 -0.010450 85 3
0.350000 0.049125 -0.014650 85 4
0.450000 0.071025 -0.018950 85 5
0.050000 -0.004525 0.005350 86 0
0.100000 -0.009875 0.010650 86 1
0.150000 -0.016125 0.015950 86 2
0.250000 -0.031125 0.026650 86 3
0.350000 -0.049625 0.037450 86 4
0.450000 -0.071675 0.048350 86 5
0.050000 0.000575 0.001250 87 0
0.100000 0.001925 0.002450 87 1
0.150000 0.004175 0.003650 87 2
0.250000 0.011125 0.006050 87 3
0.350000 0.021425 0.008450 87 4
0.450000 0.035175 0.010850 87 5
3
0.050000 0.004975 0.000350 0 0
0.100000 0.010825 0.000750 0 1
0.150000 0.017525 0.001050 0 2
0.250000 0.033525 0.001750 0 3
0.350000 0.053025 0.002450 0 4
0.450000 0.076025 0.003250 0 5
0.050000 -0.004125 0.002750 1 0
0.100000 -0.009025 0.005450 1 1
0.150000 -0.014825 0.008250 1 2
0.250000 -0.028975 0.013750 1 3
0.350000 -0.046625 0.019250 1 4
0.450000 -0.067725 0.024850 1 5
0.050000 -0.000425 0.003650 2 0
0.100000 -0.000075 0.007350 2 1
0.150000 0.001175 0.010950 2 2
0.250000 0.006125 0.018350 2 3
0.350000 0.014425 0.025650 2 4
0.450000 0.026075 0.033050 2 5
0.050000 0.002275 -0.008950 3 0
0.100000 0.005375 -0.018050 3 1
0.150000 0.009325 -0.027050 3 2
0.250000 0.019775 -0.045050 3 3
0.350000 0.033625 -0.063250 3 4
0.450000 0.050925 -0.081450 3 5
0.050000 -0.003625 -0.006350 4 0
0.100000 -0.008075 -0.012650 4 1
0.150000 -0.013375 -0.019050 4 2
0.250000 -0.026575 -0.031750 4 3
0.350000 -0.043175 -0.044650 4 4
0.450000 -0.063275 -0.057550 4 5
0.050000 -0.001475 0.009450 5 0
0.100000 -0.003775 0.018950 5 1
0.150000 -0.006975 0.028450 5 2
0.250000 -0.015775 0.047550 5 3
0.350000 -0.028025 0.066650 5 4
0.450000 -0.043675 0.085850 5 5
0.050000 -0.003275 0.008650 6 0
0.100000 -0.005725 0.017250 6 1
0.150000 -0.007325 0.025850 6 2
0.250000 -0.008025 0.042950 6 3
0.350000 -0.005425 0.060150 6 4
0.450000 0.000575 0.077350 6 5
0.050000 0.003925 0.001350 7 0
0.100000 0.008675 0.002750 7 1
0.150000 0.014275 0.004150 7 2
0.250000 0.028075 0.006850 7 3
0.350000 0.045275 0.009650 7 4
0.450000 0.066025 0.012450 7 5
0.050000 0.003725 -0.004050 8 0
0.100000 0.006625 -0.008050 8 1
0.150000 0.008675 -0.012150 8 2
0.250000 0.010275 -0.020150 8 3
0.350000 0.008575 -0.028250 8 4
0.450000 0.003475 -0.036350 8 5
0.050000 0.004575 0.006450 9 0
0.100000 0.008275 0.012850 9 1
0.150000 0.011175 0.019250 9 2
0.250000 0.014425 0.032050 9 3
0.350000 0.014325 0.044850 9 4
0.450000 0.010925 0.057550 9 5
0.050000 -0.001825 -0.007550 10 0
0.100000 -0.004475 -0.015050 10 1
0.150000 -0.007925 -0.022550 10 2
0.250000 -0.017425 -0.037550 10 3
0.350000 -0.030325 -0.052750 10 4
0.450000 -0.046675 -0.067950 10 5
0.050000 0.003425 0.004150 11 0
0.100000 0.007675 0.008250 11 1
0.150000 0.012725 0.012350 11 2
0.250000 0.025475 0.020550 11 3
0.350000 0.041675 0.028850 11 4
0.450000 0.061325 0.037150 11 5
0.050000 -0.001575 0.000550 12 0
0.100000 -0.004025 0.001050 12 1
0.150000 -0.007275 0.001650 12 2
0.250000 -0.016325 0.002750 12 3
0.350000 -0.028775 0.003850 12 4
0.450000 -0.044625 0.004950 12 5
0.050000 0.001075 -0.005950 13 0
0.100000 0.002925 -0.011950 13 1
0.150000 0.005675 -0.017850 13 2
0.250000 0.013625 -0.029850 13 3
0.350000 0.024975 -0.041850 13 4
0.450000 0.039775 -0.053950 13 5
0.050000 0.002575 -0.000150 14 0
0.100000 0.006025 -0.000350 14 1
0.150000 0.010275 -0.000550 14 2
0.250000 0.021325 -0.000950 14 3
0.350000 0.035825 -0.001350 14 4
0.450000 0.053775 -0.001750 14 5
0.050000 -0.001025 0.004950 15 0
0.100000 -0.002875 0.009850 15 1
0.150000 -0.005575 0.014750 15 2
0.250000 -0.013425 0.024550 15 3
0.350000 -0.024725 0.034450 15 4
0.450000 -0.039375 0.044350 15 5
0.050000 0.003225 -0.000750 16 0
0.100000 0.007325 -0.001450 16 1
0.150000 0.012225 -0.002150 16 2
0.250000 0.024575 -0.003550 16 3
0.350000 0.040425 -0.005050 16 4
0.450000 0.059725 -0.006450 16 5
0.050000 -0.005025 -0.003050 17 0
0.100000 -0.010925 -0.006050 17 1
0.150000 -0.017675 -0.009150 17 2
0.250000 -0.033725 -0.015250 17 3
0.350000 -0.053275 -0.021350 17 4
0.450000 -0.076425 -0.027550 17 5
0.050000 0.004175 -0.000150 18 0
0.100000 0.007575 -0.000250 18 1
0.150000 0.010075 -0.000450 18 2
0.250000 0.012575 -0.000650 18 3
0.350000 0.011775 -0.000950 18 4
0.450000 0.007625 -0.001250 18 5
0.050000 0.000875 0.001450 19 0
0.100000 0.000925 0.002950 19 1
0.150000 0.000175 0.004450 19 2
0.250000 -0.003875 0.007550 19 3
0.350000 -0.011275 0.010550 19 4
0.450000 -0.022075 0.013550 19 5
0.050000 0.004175 -0.007550 20 0
0.100000 0.007525 -0.015150 20 1
0.150000 0.010025 -0.022750 20 2
0.250000 0.012525 -0.037850 20 3
0.350000 0.011675 -0.052950 20 4
0.450000 0.007525 -0.068050 20 5
0.050000 -0.002025 -0.005650 21 0
0.100000 -0.004875 -0.011250 21 1
0.150000 -0.008575 -0.016850 21 2
0.250000 -0.018525 -0.028150 21 3
0.350000 -0.031825 -0.039550 21 4
0.450000 -0.048625 -0.050850 21 5
0.050000 -0.003775 0.006750 22 0
0.100000 -0.008375 0.013550 22 1
0.150000 -0.013875 0.020350 22 2
0.250000 -0.027325 0.033950 22 3
0.350000 -0.044275 0.047650 22 4
0.450000 -0.064725 0.061450 22 5
0.050000 0.001775 0.004450 23 0
0.100000 0.004375 0.008850 23 1
0.150000 0.007825 0.013250 23 2
0.250000 0.017275 0.022150 23 3
0.350000 0.030075 0.031050 23 4
0.450000 0.046325 0.040050 23 5
0.050000 -0.002475 -0.004050 24 0
0.100000 -0.005775 -0.008150 24 1
0.150000 -0.009925 -0.012350 24 2
0.250000 -0.020775 -0.020550 24 3
0.350000 -0.035025 -0.028850 24 4
0.450000 -0.052725 -0.037150 24 5
0.050000 0.003375 -0.002850 25 0
0.100000 0.007575 -0.005650 25 1
0.150000 0.012625 -0.008550 25 2
0.250000 0.025275 -0.014250 25 3
0.350000 0.041325 -0.020050 25 4
0.450000 0.060925 -0.025850 25 5
0.050000 0.001975 0.003150 26 0
0.100000 0.003125 0.006350 26 1
0.150000 0.003475 0.009450 26 2
0.250000 0.001625 0.015850 26 3
0.350000 -0.003575 0.022150 26 4
0.450000 -0.012125 0.028550 26 5
0.050000 -0.002925 -0.004650 27 0
0.100000 -0.006725 -0.009250 27 1
0.150000 -0.011375 -0.013850 27 2
0.250000 -0.023175 -0.023150 27 3
0.350000 -0.038375 -0.032450 27 4
0.450000 -0.057075 -0.041850 27 5
0.050000 -0.000975 -0.009550 28 0
0.100000 -0.002825 -0.019050 28 1
0.150000 -0.005475 -0.028650 28 2
0.250000 -0.013325 -0.047850 28 3
0.350000 -0.024525 -0.067050 28 4
0.450000 -0.039175 -0.086350 28 5
0.050000 -0.000725 -0.009450 29 0
0.100000 -0.000625 -0.018950 29 1
0.150000 0.000325 -0.028450 29 2
0.250000 0.004725 -0.047350 29 3
0.350000 0.012425 -0.066350 29 4
0.450000 0.023575 -0.085450 29 5
0.050000 -0.001875 -0.003050 30 0
0.100000 -0.004575 -0.006150 30 1
0.150000 -0.008125 -0.009250 30 2
0.250000 -0.017775 -0.015450 30 3
0.350000 -0.030825 -0.021650 30 4
0.450000 -0.047275 -0.027950 30 5
0.050000 -0.002475 -0.009050 31 0
0.100000 -0.005775 -0.018050 31 1
0.150000 -0.009875 -0.027150 31 2
0.250000 -0.020675 -0.045250 31 3
0.350000 -0.034925 -0.063550 31 4
0.450000 -0.052575 -0.081850 31 5
0.050000 0.000625 0.009450 32 0
0.100000 0.000375 0.018950 32 1
0.150000 -0.000675 0.028450 32 2
0.250000 -0.005325 0.047550 32 3
0.350000 -0.013275 0.066550 32 4
0.450000 -0.024675 0.085650 32 5
0.050000 -0.001625 0.000450 33 0
0.100000 -0.004075 0.000850 33 1
0.150000 -0.007325 0.001250 33 2
0.250000 -0.016425 0.002150 33 3
0.350000 -0.028925 0.003050 33 4
0.450000 -0.044825 0.003850 33 5
0.050000 0.005025 -0.008250 34 0
0.100000 0.010875 -0.016450 34 1
0.150000 0.017625 -0.024650 34 2
0.250000 0.033675 -0.041250 34 3
0.350000 0.053175 -0.057850 34 4
0.450000 0.076275 -0.074650 34 5
0.050000 0.003525 0.000750 35 0
0.100000 0.006225 0.001450 35 1
0.150000 0.008075 0.002150 35 2
0.250000 0.009325 0.003650 35 3
0.350000 0.007225 0.005050 35 4
0.450000 0.001775 0.006550 35 5
0.050000 0.000175 0.008750 36 0
0.100000 0.001175 0.017450 36 1
0.150000 0.003025 0.026250 36 2
0.250000 0.009175 0.043750 36 3
0.350000 0.018725 0.061350 36 4
0.450000 0.031675 0.078950 36 5
0.050000 0.002025 0.006250 37 0
0.100000 0.004925 0.012450 37 1
0.150000 0.008625 0.018750 37 2
0.250000 0.018625 0.031350 37 3
0.350000 0.031975 0.043850 37 4
0.450000 0.048825 0.056550 37 5
0.050000 0.003675 0.003950 38 0
0.100000 0.008175 0.008050 38 1
0.150000 0.013525 0.012050 38 2
0.250000 0.026725 0.020050 38 3
0.350000 0.043425 0.028150 38 4
0.450000 0.063625 0.036250 38 5
0.050000 -0.001525 -0.006450 39 0
0.100000 -0.002225 -0.012850 39 1
0.150000 -0.002125 -0.019350 39 2
0.250000 0.000625 -0.032250 39 3
0.350000 0.006725 -0.045150 39 4
0.450000 0.016225 -0.058050 39 5
0.050000 -0.004125 -0.003650 40 0
0.100000 -0.007425 -0.007350 40 1
0.150000 -0.009875 -0.011050 40 2
0.250000 -0.012275 -0.018350 40 3
0.350000 -0.011375 -0.025750 40 4
0.450000 -0.007125 -0.033050 40 5
0.050000 0.002475 0.006150 41 0
0.100000 0.004125 0.012250 41 1
0.150000 0.004925 0.018350 41 2
0.250000 0.004075 0.030550 41 3
0.350000 -0.000125 0.042850 41 4
0.450000 -0.007725 0.055050 41 5
0.050000 -0.001775 -0.009050 42 0
0.100000 -0.002725 -0.018050 42 1
0.150000 -0.002825 -0.027150 42 2
0.250000 -0.000575 -0.045150 42 3
0.350000 0.005075 -0.063250 42 4
0.450000 0.014025 -0.081450 42 5
0.050000 -0.005225 -0.006750 43 0
0.100000 -0.011275 -0.013550 43 1
0.150000 -0.018225 -0.020350 43 2
0.250000 -0.034625 -0.034050 43 3
0.350000 -0.054575 -0.047850 43 4
0.450000 -0.078075 -0.061650 43 5
0.050000 -0.003575 -0.009050 44 0
0.100000 -0.008025 -0.018050 44 1
0.150000 -0.013275 -0.027050 44 2
0.250000 -0.026375 -0.045150 44 3
0.350000 -0.042875 -0.063350 44 4
0.450000 -0.062925 -0.081650 44 5
0.050000 0.002275 -0.006350 45 0
0.100000 0.003725 -0.012650 45 1
0.150000 0.004325 -0.018950 45 2
0.250000 0.003075 -0.031450 45 3
0.350000 -0.001575 -0.044150 45 4
0.450000 -0.009525 -0.056750 45 5
0.050000 -0.002875 0.000550 46 0
0.100000 -0.006575 0.001050 46 1
0.150000 -0.011125 0.001650 46 2
0.250000 -0.022775 0.002750 46 3
0.350000 -0.037825 0.003850 46 4
0.450000 -0.056325 0.004950 46 5
0.050000 0.005325 -0.000350 47 0
0.100000 0.011525 -0.000650 47 1
0.150000 0.018575 -0.000950 47 2
0.250000 0.035225 -0.001650 47 3
0.350000 0.055425 -0.002250 47 4
0.450000 0.079175 -0.002950 47 5
0.050000 0.001075 0.005750 48 0
0.100000 0.001325 0.011450 48 1
0.150000 0.000725 0.017150 48 2
0.250000 -0.002975 0.028550 48 3
0.350000 -0.009975 0.039950 48 4
0.450000 -0.020375 0.051450 48 5
0.050000 -0.002125 -0.006950 49 0
0.100000 -0.005025 -0.013850 49 1
0.150000 -0.008825 -0.020750 49 2
0.250000 -0.018925 -0.034650 49 3
0.350000 -0.032425 -0.048550 49 4
0.450000 -0.049325 -0.062550 49 5
0.050000 -0.003175 0.000050 50 0
0.100000 -0.005475 0.000050 50 1
0.150000 -0.006975 0.000050 50 2
0.250000 -0.007475 0.000050 50 3
0.350000 -0.004625 0.000050 50 4
0.450000 0.001525 0.000050 50 5
0.050000 0.001025 0.008950 51 0
0.100000 0.002925 0.017950 51 1
0.150000 0.005625 0.026950 51 2
0.250000 0.013575 0.045050 51 3
0.350000 0.024875 0.063150 51 4
0.450000 0.039625 0.081350 51 5
0.050000 0.002275 -0.004450 52 0
0.100000 0.005425 -0.008850 52 1
0.150000 0.009375 -0.013350 52 2
0.250000 0.019825 -0.022250 52 3
0.350000 0.033675 -0.031150 52 4
0.450000 0.051025 -0.040150 52 5
0.050000 -0.004475 0.000850 53 0
0.100000 -0.009775 0.001650 53 1
0.150000 -0.015975 0.002550 53 2
0.250000 -0.030875 0.004250 53 3
0.350000 -0.049225 0.005950 53 4
0.450000 -0.071175 0.007650 53 5
0.050000 0.001575 -0.005050 54 0
0.100000 0.003975 -0.010150 54 1
0.150000 0.007275 -0.015150 54 2
0.250000 0.016275 -0.025250 54 3
0.350000 0.028725 -0.035450 54 4
0.450000 0.044575 -0.045650 54 5
0.050000 -0.004475 0.004750 55 0
0.100000 -0.009825 0.009550 55 1
0.150000 -0.016025 0.014250 55 2
0.250000 -0.030925 0.023850 55 3
0.350000 -0.049375 0.033450 55 4
0.450000 -0.071325 0.043150 55 5
0.050000 0.001125 0.003350 56 0
0.100000 0.001475 0.006650 56 1
0.150000 0.000925 0.009950 56 2
0.250000 -0.002575 0.016550 56 3
0.350000 -0.009475 0.023250 56 4
0.450000 -0.019725 0.029850 56 5
0.050000 0.003975 -0.000450 57 0
0.100000 0.008725 -0.000950 57 1
0.150000 0.014375 -0.001450 57 2
0.250000 0.028225 -0.002450 57 3
0.350000 0.045525 -0.003450 57 4
0.450000 0.066325 -0.004450 57 5
0.050000 0.002525 -0.000050 58 0
0.100000 0.005875 -0.000150 58 1
0.150000 0.010075 -0.000150 58 2
0.250000 0.021025 -0.000250 58 3
0.350000 0.035375 -0.000350 58 4
0.450000 0.053175 -0.000450 58 5
0.050000 -0.001025 0.009250 59 0
0.100000 -0.001225 0.018450 59 1
0.150000 -0.000625 0.027750 59 2
0.250000 0.003125 0.046150 59 3
0.350000 0.010225 0.064750 59 4
0.450000 0.020725 0.083250 59 5
0.050000 -0.004075 -0.004850 60 0
0.100000 -0.008975 -0.009750 60 1
0.150000 -0.014775 -0.014650 60 2
0.250000 -0.028825 -0.024450 60 3
0.350000 -0.046425 -0.034250 60 4
0.450000 -0.067475 -0.044150 60 5
0.050000 0.000825 -0.009650 61 0
0.100000 0.002425 -0.019250 61 1
0.150000 0.004925 -0.028850 61 2
0.250000 0.012375 -0.048150 61 3
0.350000 0.023225 -0.067550 61 4
0.450000 0.037475 -0.086950 61 5
0.050000 0.002625 0.006350 62 0
0.100000 0.004425 0.012750 62 1
0.150000 0.005375 0.019050 62 2
0.250000 0.004775 0.031750 62 3
0.350000 0.000875 0.044450 62 4
0.450000 -0.006425 0.057150 62 5
0.050000 -0.000175 0.008950 63 0
0.100000 0.000475 0.017950 63 1
0.150000 0.001975 0.026950 63 2
0.250000 0.007475 0.044950 63 3
0.350000 0.016375 0.062950 63 4
0.450000 0.028625 0.081050 63 5
0.050000 -0.000775 0.002850 64 0
0.100000 -0.002425 0.005650 64 1
0.150000 -0.004875 0.008550 64 2
0.250000 -0.012325 0.014250 64 3
0.350000 -0.023125 0.019950 64 4
0.450000 -0.037375 0.025750 64 5
0.050000 0.000425 0.004450 65 0
0.100000 0.001725 0.008950 65 1
0.150000 0.003825 0.013450 65 2
0.250000 0.010575 0.022350 65 3
0.350000 0.020675 0.031350 65 4
0.450000 0.034225 0.040350 65 5
0.050000 -0.001675 -0.002050 66 0
0.100000 -0.004175 -0.004050 66 1
0.150000 -0.007575 -0.006050 66 2
0.250000 -0.016775 -0.010150 66 3
0.350000 -0.029425 -0.014250 66 4
0.450000 -0.045475 -0.018350 66 5
0.050000 0.000975 0.003650 67 0
0.100000 0.002775 0.007350 67 1
0.150000 0.005425 0.011050 67 2
0.250000 0.013225 0.018550 67 3
0.350000 0.024375 0.025950 67 4
0.450000 0.038975 0.033450 67 5
0.050000 -0.002775 0.004350 68 0
0.100000 -0.006375 0.008650 68 1
0.150000 -0.010775 0.013050 68 2
0.250000 -0.022225 0.021750 68 3
0.350000 -0.037025 0.030550 68 4
0.450000 -0.055375 0.039350 68 5
0.050000 0.004575 -0.005150 69 0
0.100000 0.009975 -0.010350 69 1
0.150000 0.016225 -0.015550 69 2
0.250000 0.031325 -0.025950 69 3
0.350000 0.049875 -0.036450 69 4
0.450000 0.071975 -0.047050 69 5
0.050000 -0.000375 -0.008950 70 0
0.100000 0.000075 -0.017950 70 1
0.150000 0.001325 -0.026950 70 2
0.250000 0.006375 -0.044950 70 3
0.350000 0.014825 -0.063050 70 4
0.450000 0.026625 -0.081150 70 5
0.050000 -0.003775 0.004350 71 0
0.100000 -0.008375 0.008650 71 1
0.150000 -0.013875 0.012950 71 2
0.250000 -0.027325 0.021550 71 3
0.350000 -0.044275 0.030250 71 4
0.450000 -0.064725 0.039050 71 5
0.050000 0.002825 -0.006750 72 0
0.100000 0.006475 -0.013550 72 1
0.150000 0.010975 -0.020350 72 2
0.250000 0.022475 -0.033950 72 3
0.350000 0.037425 -0.047550 72 4
0.450000 0.055875 -0.061250 72 5
0.050000 0.001475 -0.009850 73 0
0.100000 0.003775 -0.019650 73 1
0.150000 0.006925 -0.029450 73 2
0.250000 0.015775 -0.049150 73 3
0.350000 0.027975 -0.068850 73 4
0.450000 0.043625 -0.088750 73 5
0.050000 0.000775 -0.010050 74 0
0.100000 0.002375 -0.020150 74 1
0.150000 0.004775 -0.030150 74 2
0.250000 0.012175 -0.050350 74 3
0.350000 0.022925 -0.070550 74 4
0.450000 0.037075 -0.090950 74 5
0.050000 0.002825 0.010050 75 0
0.100000 0.004825 0.020050 75 1
0.150000 0.006025 0.030050 75 2
0.250000 0.005875 0.049950 75 3
0.350000 0.002375 0.070050 75 4
0.450000 -0.004475 0.090050 75 5
0.050000 0.002425 0.006250 76 0
0.100000 0.003975 0.012450 76 1
0.150000 0.004675 0.018750 76 2
0.250000 0.003675 0.031250 76 3
0.350000 -0.000725 0.043750 76 4
0.450000 -0.008425 0.056250 76 5
0.050000 0.000925 -0.007050 77 0
0.100000 0.000975 -0.014050 77 1
0.150000 0.000225 -0.021050 77 2
0.250000 -0.003775 -0.035050 77 3
0.350000 -0.011125 -0.049050 77 4
0.450000 -0.021875 -0.063150 77 5
0.050000 0.001275 0.006250 78 0
0.100000 0.001675 0.012450 78 1
0.150000 0.001275 0.018750 78 2
0.250000 -0.002025 0.031150 78 3
0.350000 -0.008675 0.043750 78 4
0.450000 -0.018725 0.056250 78 5
0.050000 -0.005325 0.006350 79 0
0.100000 -0.011475 0.012650 79 1
0.150000 -0.018475 0.019050 79 2
0.250000 -0.035125 0.031850 79 3
0.350000 -0.055225 0.044650 79 4
0.450000 -0.078925 0.057650 79 5
0.050000 -0.003525 -0.004050 80 0
0.100000 -0.006225 -0.008150 80 1
0.150000 -0.008075 -0.012150 80 2
0.250000 -0.009275 -0.020250 80 3
0.350000 -0.007175 -0.028350 80 4
0.450000 -0.001675 -0.036450 80 5
0.050000 0.001225 -0.007850 81 0
0.100000 0.003225 -0.015650 81 1
0.150000 0.006125 -0.023450 81 2
0.250000 0.014425 -0.039050 81 3
0.350000 0.026075 -0.054850 81 4
0.450000 0.041175 -0.070550 81 5
0.050000 -0.003275 -0.004450 82 0
0.100000 -0.007425 -0.008850 82 1
0.150000 -0.012375 -0.013350 82 2
0.250000 -0.024875 -0.022250 82 3
0.350000 -0.040825 -0.031250 82 4
0.450000 -0.060275 -0.040350 82 5
0.050000 -0.000675 0.007450 83 0
0.100000 -0.002225 0.014850 83 1
0.150000 -0.004575 0.022350 83 2
0.250000 -0.011825 0.037250 83 3
0.350000 -0.022425 0.052150 83 4
0.450000 -0.036425 0.067150 83 5
0.050000 0.003325 -0.006350 84 0
0.100000 0.007525 -0.012650 84 1
0.150000 0.012575 -0.018950 84 2
0.250000 0.025175 -0.031650 84 3
0.350000 0.041225 -0.044350 84 4
0.450000 0.060825 -0.057250 84 5
0.050000 0.000475 0.009450 85 0
0.100000 0.001775 0.018950 85 1
0.150000 0.003875 0.028350 85 2
0.250000 0.010675 0.047350 85 3
0.350000 0.020825 0.066350 85 4
0.450000 0.034375 0.085450 85 5
0.050000 -0.004475 0.007750 86 0
0.100000 -0.009775 0.015550 86 1
0.150000 -0.015925 0.023350 86 2
0.250000 -0.030775 0.039050 86 3
0.350000 -0.049125 0.054850 86 4
0.450000 -0.071025 0.070750 86 5
0.050000 -0.004625 0.000950 87 0
0.100000 -0.010125 0.001850 87 1
0.150000 -0.016475 0.002850 87 2
0.250000 -0.031725 0.004750 87 3
0.350000 -0.050425 0.006650 87 4
0.450000 -0.072725 0.008550 87 5
0.050000 0.002425 -0.004950 88 0
0.100000 0.004075 -0.009950 88 1
0.150000 0.004825 -0.014850 88 2
0.250000 0.003925 -0.024750 88 3
0.350000 -0.000375 -0.034750 88 4
0.450000 -0.008025 -0.044650 88 5
4
0.050000 -0.002375 -0.000250 0 0
0.100000 -0.003925 -0.000550 0 1
0.150000 -0.004675 -0.000850 0 2
0.250000 -0.003625 -0.001350 0 3
0.350000 0.000775 -0.001950 0 4
0.450000 0.008525 -0.002550 0 5
0.050000 -0.000575 -0.008350 1 0
0.100000 -0.002025 -0.016650 1 1
0.150000 -0.004275 -0.024950 1 2
0.250000 -0.011275 -0.041650 1 3
0.350000 -0.021675 -0.058350 1 4
0.450000 -0.035475 -0.075050 1 5
0.050000 -0.001725 -0.006050 2 0
0.100000 -0.002625 -0.012050 2 1
0.150000 -0.002675 -0.018150 2 2
0.250000 -0.000325 -0.030150 2 3
0.350000 0.005425 -0.042250 2 4
0.450000 0.014475 -0.054450 2 5
0.050000 -0.000675 -0.007850 3 0
0.100000 -0.002125 -0.015650 3 1
0.150000 -0.004475 -0.023550 3 2
0.250000 -0.011625 -0.039250 3 3
0.350000 -0.022125 -0.054950 3 4
0.450000 -0.036075 -0.070750 3 5
0.050000 0.000425 -0.008150 4 0
0.100000 0.001725 -0.016350 4 1
0.150000 0.003825 -0.024550 4 2
0.250000 0.010575 -0.040950 4 3
0.350000 0.020675 -0.057350 4 4
0.450000 0.034175 -0.073850 4 5
0.050000 0.003475 0.003250 5 0
0.100000 0.007825 0.006550 5 1
0.150000 0.013025 0.009850 5 2
0.250000 0.025925 0.016550 5 3
0.350000 0.042275 0.023150 5 4
0.450000 0.062125 0.029850 5 5
0.050000 0.005125 0.002050 6 0
0.100000 0.011125 0.004050 6 1
0.150000 0.017975 0.006050 6 2
0.250000 0.034275 0.010150 6 3
0.350000 0.054025 0.014250 6 4
0.450000 0.077375 0.018350 6 5
0.050000 0.004025 0.004150 7 0
0.100000 0.008875 0.008350 7 1
0.150000 0.014625 0.012550 7 2
0.250000 0.028625 0.021050 7 3
0.350000 0.046075 0.029450 7 4
0.450000 0.067025 0.038050 7 5
0.050000 0.003725 0.008850 8 0
0.100000 0.008275 0.017650 8 1
0.150000 0.013725 0.026550 8 2
0.250000 0.027125 0.044350 8 3
0.350000 0.043925 0.062250 8 4
0.450000 0.064275 0.080250 8 5
0.050000 -0.000975 -0.002850 9 0
0.100000 -0.002775 -0.005650 9 1
0.150000 -0.005375 -0.008550 9 2
0.250000 -0.013175 -0.014250 9 3
0.350000 -0.024325 -0.019950 9 4
0.450000 -0.038925 -0.025650 9 5
0.050000 0.001625 0.004850 10 0
0.100000 0.004125 0.009650 10 1
0.150000 0.007425 0.014450 10 2
0.250000 0.016575 0.024150 10 3
0.350000 0.029125 0.033850 10 4
0.450000 0.045075 0.043550 10 5
0.050000 0.003875 -0.005150 11 0
0.100000 0.006875 -0.010350 11 1
0.150000 0.009025 -0.015550 11 2
0.250000 0.010875 -0.025950 11 3
0.350000 0.009425 -0.036250 11 4
0.450000 0.004575 -0.046650 11 5
0.050000 0.000075 -0.000850 12 0
0.100000 -0.000675 -0.001650 12 1
0.150000 -0.002225 -0.002450 12 2
0.250000 -0.007875 -0.004050 12 3
0.350000 -0.016925 -0.005650 12 4
0.450000 -0.029325 -0.007250 12 5
0.050000 0.000625 -0.009050 13 0
0.100000 0.002125 -0.018050 13 1
0.150000 0.004425 -0.027050 13 2
0.250000 0.011525 -0.045050 13 3
0.350000 0.022025 -0.063150 13 4
0.450000 0.035925 -0.081350 13 5
0.050000 -0.003925 0.009650 14 0
0.100000 -0.006975 0.019250 14 1
0.150000 -0.009225 0.028950 14 2
0.250000 -0.011175 0.048150 14 3
0.350000 -0.009775 0.067350 14 4
0.450000 -0.005075 0.086650 14 5
0.050000 0.000875 -0.008750 15 0
0.100000 0.000925 -0.017550 15 1
0.150000 0.000175 -0.026350 15 2
0.250000 -0.003875 -0.043950 15 3
0.350000 -0.011275 -0.061550 15 4
0.450000 -0.022075 -0.079150 15 5
0.050000 0.001225 0.005750 16 0
0.100000 0.001625 0.011450 16 1
0.150000 0.001175 0.017150 16 2
0.250000 -0.002225 0.028650 16 3
0.350000 -0.008975 0.040150 16 4
0.450000 -0.019075 0.051650 16 5
0.050000 0.000575 -0.008950 17 0
0.100000 0.000325 -0.017950 17 1
0.150000 -0.000775 -0.026950 17 2
0.250000 -0.005475 -0.044950 17 3
0.350000 -0.013525 -0.062950 17 4
0.450000 -0.024925 -0.081050 17 5
0.050000 0.001025 0.002250 18 0
0.100000 0.002925 0.004450 18 1
0.150000 0.005625 0.006650 18 2
0.250000 0.013525 0.011150 18 3
0.350000 0.024825 0.015550 18 4
0.450000 0.039575 0.020050 18 5
0.050000 -0.004975 0.004350 19 0
0.100000 -0.010775 0.008650 19 1
0.150000 -0.017475 0.013050 19 2
0.250000 -0.033375 0.021750 19 3
0.350000 -0.052775 0.030550 19 4
0.450000 -0.075775 0.039350 19 5
0.050000 0.004525 -0.000450 20 0
0.100000 0.009875 -0.000950 20 1
0.150000 0.016125 -0.001450 20 2
0.250000 0.031125 -0.002450 20 3
0.350000 0.049575 -0.003450 20 4
0.450000 0.071625 -0.004450 20 5
0.050000 0.003675 0.005250 21 0
0.100000 0.008175 0.010550 21 1
0.150000 0.013525 0.015850 21 2
0.250000 0.026775 0.026450 21 3
0.350000 0.043525 0.037050 21 4
0.450000 0.063725 0.047750 21 5
0.050000 0.001025 0.003150 22 0
0.100000 0.001225 0.006250 22 1
0.150000 0.000575 0.009350 22 2
0.250000 -0.003175 0.015550 22 3
0.350000 -0.010325 0.021850 22 4
0.450000 -0.020825 0.028050 22 5
0.050000 -0.001325 0.008550 23 0
0.100000 -0.001825 0.017150 23 1
0.150000 -0.001525 0.025750 23 2
0.250000 0.001675 0.042950 23 3
0.350000 0.008175 0.060150 23 4
0.450000 0.018075 0.077350 23 5
0.050000 -0.004175 -0.009750 24 0
0.100000 -0.009225 -0.019650 24 1
0.150000 -0.015125 -0.029450 24 2
0.250000 -0.029425 -0.049150 24 3
0.350000 -0.047225 -0.068950 24 4
0.450000 -0.068525 -0.088950 24 5
0.050000 -0.002425 0.006250 25 0
0.100000 -0.004025 0.012550 25 1
0.150000 -0.004775 0.018750 25 2
0.250000 -0.003775 0.031350 25 3
0.350000 0.000575 0.043850 25 4
0.450000 0.008225 0.056450 25 5
0.050000 0.004175 -0.006050 26 0
0.100000 0.009225 -0.012050 26 1
0.150000 0.015075 -0.018150 26 2
0.250000 0.029375 -0.030350 26 3
0.350000 0.047175 -0.042550 26 4
0.450000 0.068475 -0.054850 26 5
0.050000 0.002625 -0.002150 27 0
0.100000 0.004375 -0.004350 27 1
0.150000 0.005325 -0.006550 27 2
0.250000 0.004725 -0.010950 27 3
0.350000 0.000775 -0.015250 27 4
0.450000 -0.006525 -0.019650 27 5
0.050000 -0.000375 -0.001750 28 0
0.100000 0.000075 -0.003550 28 1
0.150000 0.001375 -0.005350 28 2
0.250000 0.006475 -0.008950 28 3
0.350000 0.014925 -0.012450 28 4
0.450000 0.026775 -0.016050 28 5
0.050000 -0.004075 -0.000450 29 0
0.100000 -0.008975 -0.000850 29 1
0.150000 -0.014725 -0.001250 29 2
0.250000 -0.028825 -0.002050 29 3
0.350000 -0.046325 -0.002950 29 4
0.450000 -0.067425 -0.003750 29 5
0.050000 0.000775 -0.002450 30 0
0.100000 0.000675 -0.004950 30 1
0.150000 -0.000225 -0.007450 30 2
0.250000 -0.004575 -0.012450 30 3
0.350000 -0.012275 -0.017450 30 4
0.450000 -0.023325 -0.022450 30 5
0.050000 0.001675 0.004950 31 0
0.100000 0.004225 0.009950 31 1
0.150000 0.007575 0.015050 31 2
0.250000 0.016825 0.025050 31 3
0.350000 0.029475 0.035150 31 4
0.450000 0.045575 0.045250 31 5
0.050000 -0.000625 0.010050 32 0
0.100000 -0.002075 0.020150 32 1
0.150000 -0.004375 0.030250 32 2
0.250000 -0.011475 0.050450 32 3
0.350000 -0.021975 0.070750 32 4
0.450000 -0.035875 0.091150 32 5
0.050000 -0.002075 0.005450 33 0
0.100000 -0.004975 0.010850 33 1
0.150000 -0.008725 0.016250 33 2
0.250000 -0.018775 0.027150 33 3
0.350000 -0.032175 0.038050 33 4
0.450000 -0.049075 0.049050 33 5
0.050000 -0.004175 -0.000750 34 0
0.100000 -0.007525 -0.001450 34 1
0.150000 -0.010025 -0.002150 34 2
0.250000 -0.012525 -0.003550 34 3
0.350000 -0.011725 -0.004950 34 4
0.450000 -0.007525 -0.006350 34 5
0.050000 0.001075 -0.007950 35 0
0.100000 0.002975 -0.015950 35 1
0.150000 0.005725 -0.023850 35 2
0.250000 0.013775 -0.039850 35 3
0.350000 0.025175 -0.055850 35 4
0.450000 0.039975 -0.071950 35 5
0.050000 0.002675 -0.002150 36 0
0.100000 0.006175 -0.004350 36 1
0.150000 0.010525 -0.006550 36 2
0.250000 0.021725 -0.010950 36 3
0.350000 0.036375 -0.015350 36 4
0.450000 0.054475 -0.019750 36 5
0.050000 -0.001225 0.004450 37 0
0.100000 -0.001675 0.008950 37 1
0.150000 -0.001225 0.013450 37 2
0.250000 0.002125 0.022350 37 3
0.350000 0.008775 0.031350 37 4
0.450000 0.018875 0.040350 37 5
0.050000 0.005425 0.001250 38 0
0.100000 0.011675 0.002550 38 1
0.150000 0.018775 0.003850 38 2
0.250000 0.035575 0.006450 38 3
0.350000 0.055925 0.008950 38 4
0.450000 0.079825 0.011550 38 5
0.050000 -0.000975 0.007150 39 0
0.100000 -0.002825 0.014250 39 1
0.150000 -0.005475 0.021450 39 2
0.250000 -0.013275 0.035750 39 3
0.350000 -0.024525 0.050150 39 4
0.450000 -0.039125 0.064650 39 5
0.050000 -0.001225 0.000250 40 0
0.100000 -0.001625 0.000550 40 1
0.150000 -0.001175 0.000750 40 2
0.250000 0.002225 0.001350 40 3
0.350000 0.008925 0.001850 40 4
0.450000 0.019075 0.002350 40 5
0.050000 0.003075 0.003350 41 0
0.100000 0.005275 0.006650 41 1
0.150000 0.006675 0.010050 41 2
0.250000 0.006925 0.016750 41 3
0.350000 0.003875 0.023450 41 4
0.450000 -0.002525 0.030150 41 5
0.050000 -0.004675 0.004850 42 0
0.100000 -0.010175 0.009650 42 1
0.150000 -0.016575 0.014550 42 2
0.250000 -0.031875 0.024250 42 3
0.350000 -0.050675 0.034050 42 4
0.450000 -0.073025 0.043950 42 5
0.050000 0.001125 -0.007450 43 0
0.100000 0.001425 -0.014950 43 1
0.150000 0.000875 -0.022350 43 2
0.250000 -0.002675 -0.037350 43 3
0.350000 -0.009625 -0.052350 43 4
0.450000 -0.019925 -0.067350 43 5
0.050000 0.002575 0.003350 44 0
0.100000 0.006025 0.006650 44 1
0.150000 0.010325 0.010050 44 2
0.250000 0.021425 0.016750 44 3
0.350000 0.035925 0.023550 44 4
0.450000 0.053875 0.030350 44 5
0.050000 -0.003925 0.004250 45 0
0.100000 -0.008725 0.008550 45 1
0.150000 -0.014375 0.012750 45 2
0.250000 -0.028175 0.021350 45 3
0.350000 -0.045475 0.029950 45 4
0.450000 -0.066275 0.038650 45 5
0.050000 0.003775 -0.002450 46 0
0.100000 0.008425 -0.004950 46 1
0.150000 0.013875 -0.007450 46 2
0.250000 0.027375 -0.012450 46 3
0.350000 0.044325 -0.017450 46 4
0.450000 0.064775 -0.022550 46 5
0.050000 0.005225 -0.005450 47 0
0.100000 0.011275 -0.010950 47 1
0.150000 0.018225 -0.016350 47 2
0.250000 0.034625 -0.027350 47 3
0.350000 0.054575 -0.038350 47 4
0.450000 0.078075 -0.049550 47 5
0.050000 -0.001875 0.006750 48 0
0.100000 -0.004575 0.013450 48 1
0.150000 -0.008075 0.020150 48 2
0.250000 -0.017675 0.033650 48 3
0.350000 -0.030675 0.047150 48 4
0.450000 -0.047125 0.060750 48 5
0.050000 -0.002525 -0.000650 49 0
0.100000 -0.004175 -0.001350 49 1
0.150000 -0.005025 -0.002050 49 2
0.250000 -0.004225 -0.003450 49 3
0.350000 -0.000075 -0.004850 49 4
0.450000 0.007425 -0.006250 49 5
0.050000 0.004225 0.005050 50 0
0.100000 0.009275 0.010050 50 1
0.150000 0.015175 0.015050 50 2
0.250000 0.029575 0.025150 50 3
0.350000 0.047425 0.035250 50 4
0.450000 0.068825 0.045450 50 5
0.050000 -0.005375 -0.000250 51 0
0.100000 -0.011575 -0.000550 51 1
0.150000 -0.018675 -0.000850 51 2
0.250000 -0.035425 -0.001350 51 3
0.350000 -0.055675 -0.001950 51 4
0.450000 -0.079525 -0.002450 51 5
0.050000 -0.001325 -0.006050 52 0
0.100000 -0.001775 -0.012050 52 1
0.150000 -0.001425 -0.018050 52 2
0.250000 0.001775 -0.030050 52 3
0.350000 0.008325 -0.042150 52 4
0.450000 0.018275 -0.054150 52 5
0.050000 -0.002925 -0.007350 53 0
0.100000 -0.006675 -0.014750 53 1
0.150000 -0.011275 -0.022050 53 2
0.250000 -0.023025 -0.036850 53 3
0.350000 -0.038225 -0.051650 53 4
0.450000 -0.056875 -0.066650 53 5
0.050000 0.004225 0.003650 54 0
0.100000 0.009275 0.007250 54 1
0.150000 0.015175 0.010850 54 2
0.250000 0.029525 0.018150 54 3
0.350000 0.047375 0.025450 54 4
0.450000 0.068775 0.032750 54 5
0.050000 0.004725 0.002450 55 0
0.100000 0.010275 0.004850 55 1
0.150000 0.016675 0.007250 55 2
0.250000 0.032075 0.012150 55 3
0.350000 0.050975 0.017150 55 4
0.450000 0.073425 0.022050 55 5
0.050000 0.002775 -0.001650 56 0
0.100000 0.006425 -0.003250 56 1
0.150000 0.010875 -0.004850 56 2
0.250000 0.022375 -0.008150 56 3
0.350000 0.037275 -0.011450 56 4
0.450000 0.055625 -0.014750 56 5
0.050000 0.000975 0.004450 57 0
0.100000 0.002725 0.008950 57 1
0.150000 0.005375 0.013450 57 2
0.250000 0.013125 0.022350 57 3
0.350000 0.024275 0.031350 57 4
0.450000 0.038825 0.040450 57 5
0.050000 -0.002625 -0.000450 58 0
0.100000 -0.004425 -0.000850 58 1
0.150000 -0.005425 -0.001250 58 2
0.250000 -0.004825 -0.002050 58 3
0.350000 -0.000925 -0.002850 58 4
0.450000 0.006325 -0.003650 58 5
0.050000 -0.000975 0.002650 59 0
0.100000 -0.002775 0.005350 59 1
0.150000 -0.005425 0.007950 59 2
0.250000 -0.013275 0.013250 59 3
0.350000 -0.024475 0.018650 59 4
0.450000 -0.039075 0.023950 59 5
0.050000 0.000975 0.009550 60 0
0.100000 0.001075 0.019150 60 1
0.150000 0.000375 0.028750 60 2
0.250000 -0.003525 0.047950 60 3
0.350000 -0.010775 0.067250 60 4
0.450000 -0.021425 0.086550 60 5
0.050000 -0.003475 -0.009950 61 0
0.100000 -0.007725 -0.019850 61 1
0.150000 -0.012875 -0.029750 61 2
0.250000 -0.025725 -0.049650 61 3
0.350000 -0.041975 -0.069750 61 4
0.450000 -0.061775 -0.089850 61 5
0.050000 -0.004625 -0.004050 62 0
0.100000 -0.010125 -0.008050 62 1
0.150000 -0.016425 -0.012150 62 2
0.250000 -0.031625 -0.020250 62 3
0.350000 -0.050375 -0.028450 62 4
0.450000 -0.072625 -0.036650 62 5
0.050000 0.000425 -0.001950 63 0
0.100000 0.001725 -0.003950 63 1
0.150000 0.003825 -0.005950 63 2
0.250000 0.010525 -0.009850 63 3
0.350000 0.020625 -0.013850 63 4
0.450000 0.034125 -0.017850 63 5
0.050000 -0.003425 0.008450 64 0
0.100000 -0.007675 0.016950 64 1
0.150000 -0.012725 0.025450 64 2
0.250000 -0.025475 0.042450 64 3
0.350000 -0.041675 0.059550 64 4
0.450000 -0.061325 0.076750 64 5
0.050000 0.002225 -0.003050 65 0
0.100000 0.005325 -0.006150 65 1
0.150000 0.009275 -0.009150 65 2
0.250000 0.019625 -0.015250 65 3
0.350000 0.033425 -0.021450 65 4
0.450000 0.050675 -0.027650 65 5
0.050000 -0.001875 -0.007250 66 0
0.100000 -0.004625 -0.014450 66 1
0.150000 -0.008225 -0.021650 66 2
0.250000 -0.017875 -0.036150 66 3
0.350000 -0.030975 -0.050650 66 4
0.450000 -0.047475 -0.065250 66 5
0.050000 0.003475 -0.007450 67 0
0.100000 0.006125 -0.014850 67 1
0.150000 0.007925 -0.022150 67 2
0.250000 0.008975 -0.036950 67 3
0.350000 0.006725 -0.051750 67 4
0.450000 0.001175 -0.066550 67 5
0.050000 -0.005325 -0.008050 68 0
0.100000 -0.011525 -0.016150 68 1
0.150000 -0.018525 -0.024250 68 2
0.250000 -0.035225 -0.040550 68 3
0.350000 -0.055375 -0.056850 68 4
0.450000 -0.079125 -0.073350 68 5
0.050000 0.001425 -0.009250 69 0
0.100000 0.003725 -0.018450 69 1
0.150000 0.006875 -0.027750 69 2
0.250000 0.015625 -0.046350 69 3
0.350000 0.027775 -0.064950 69 4
0.450000 0.043375 -0.083650 69 5
0.050000 -0.004075 0.004050 70 0
0.100000 -0.007375 0.008150 70 1
0.150000 -0.009775 0.012250 70 2
0.250000 -0.012125 0.020450 70 3
0.350000 -0.011125 0.028550 70 4
0.450000 -0.006775 0.036750 70 5
0.050000 0.002525 -0.009750 71 0
0.100000 0.005825 -0.019550 71 1
0.150000 0.010025 -0.029350 71 2
0.250000 0.020925 -0.048950 71 3
0.350000 0.035225 -0.068750 71 4
0.450000 0.052975 -0.088550 71 5
0.050000 -0.001175 0.009050 72 0
0.100000 -0.003225 0.018150 72 1
0.150000 -0.006075 0.027250 72 2
0.250000 -0.014325 0.045450 72 3
0.350000 -0.025975 0.063750 72 4
0.450000 -0.041025 0.082050 72 5
0.050000 -0.003325 -0.002150 73 0
0.100000 -0.005775 -0.004350 73 1
0.150000 -0.007375 -0.006450 73 2
0.250000 -0.008175 -0.010850 73 3
0.350000 -0.005575 -0.015150 73 4
0.450000 0.000325 -0.019450 73 5
0.050000 0.004075 0.006550 74 0
0.100000 0.007275 0.013050 74 1
0.150000 0.009675 0.019650 74 2
0.250000 0.011975 0.032650 74 3
0.350000 0.010875 0.045750 74 4
0.450000 0.006475 0.058850 74 5
0.050000 -0.004775 0.000950 75 0
0.100000 -0.010375 0.001850 75 1
0.150000 -0.016875 0.002850 75 2
0.250000 -0.032375 0.004750 75 3
0.350000 -0.051375 0.006650 75 4
0.450000 -0.073925 0.008650 75 5
0.050000 0.003925 -0.002850 76 0
0.100000 0.007025 -0.005650 76 1
0.150000 0.009325 -0.008350 76 2
0.250000 0.011325 -0.013950 76 3
0.350000 0.010025 -0.019550 76 4
0.450000 0.005375 -0.025150 76 5
0.050000 -0.003125 -0.009650 77 0
0.100000 -0.007075 -0.019350 77 1
0.150000 -0.011875 -0.029050 77 2
0.250000 -0.024025 -0.048450 77 3
0.350000 -0.039575 -0.067950 77 4
0.450000 -0.058675 -0.087650 77 5
0.050000 -0.003375 0.005050 78 0
0.100000 -0.007525 0.010150 78 1
0.150000 -0.012575 0.015250 78 2
0.250000 -0.025225 0.025450 78 3
0.350000 -0.041275 0.035750 78 4
0.450000 -0.060825 0.046050 78 5
0.050000 0.001975 0.006850 79 0
0.100000 0.004825 0.013750 79 1
0.150000 0.008475 0.020750 79 2
0.250000 0.018325 0.034550 79 3
0.350000 0.031575 0.048450 79 4
0.450000 0.048275 0.062450 79 5
0.050000 0.001825 -0.004450 80 0
0.100000 0.004475 -0.008850 80 1
0.150000 0.007975 -0.013250 80 2
0.250000 0.017525 -0.022150 80 3
0.350000 0.030425 -0.031050 80 4
0.450000 0.046775 -0.040050 80 5
0.050000 -0.004475 0.007750 81 0
0.100000 -0.009775 0.015550 81 1
0.150000 -0.015925 0.023250 81 2
0.250000 -0.030825 0.038850 81 3
0.350000 -0.049175 0.054550 81 4
0.450000 -0.071075 0.070350 81 5
0.050000 0.000625 0.007850 82 0
0.100000 0.000475 0.015650 82 1
0.150000 -0.000575 0.023450 82 2
0.250000 -0.005125 0.039150 82 3
0.350000 -0.013025 0.054850 82 4
0.450000 -0.024325 0.070550 82 5
0.050000 0.002325 0.005450 83 0
0.100000 0.005475 0.010850 83 1
0.150000 0.009475 0.016250 83 2
0.250000 0.019975 0.027150 83 3
0.350000 0.033925 0.038150 83 4
0.450000 0.051275 0.049150 83 5
0.050000 -0.001925 -0.002850 84 0
0.100000 -0.004675 -0.005750 84 1
0.150000 -0.008275 -0.008650 84 2
0.250000 -0.017975 -0.014450 84 3
0.350000 -0.031125 -0.020250 84 4
0.450000 -0.047675 -0.026050 84 5
0.050000 0.001125 0.008950 85 0
0.100000 0.001375 0.017950 85 1
0.150000 0.000825 0.026950 85 2
0.250000 -0.002775 0.044950 85 3
0.350000 -0.009725 0.063050 85 4
0.450000 -0.020025 0.081150 85 5
0.050000 -0.001225 -0.008550 86 0
0.100000 -0.003275 -0.017150 86 1
0.150000 -0.006125 -0.025850 86 2
0.250000 -0.014425 -0.043050 86 3
0.350000 -0.026125 -0.060350 86 4
0.450000 -0.041225 -0.077750 86 5
0.050000 0.003425 -0.002150 87 0
0.100000 0.007725 -0.004350 87 1
0.150000 0.012825 -0.006450 87 2
0.250000 0.025625 -0.010750 87 3
0.350000 0.041875 -0.015150 87 4
0.450000 0.061625 -0.019550 87 5
0.050000 0.002025 -0.009650 88 0
0.100000 0.003175 -0.019350 88 1
0.150000 0.003525 -0.029050 88 2
0.250000 0.001725 -0.048350 88 3
0.350000 -0.003475 -0.067750 88 4
0.450000 -0.011975 -0.087150 88 5
0.050000 -0.003625 0.003450 89 0
0.100000 -0.008075 0.006950 89 1
0.150000 -0.013375 0.010450 89 2
0.250000 -0.026475 0.017550 89 3
0.350000 -0.043075 0.024550 89 4
0.450000 -0.063175 0.031650 89 5
0.050000 -0.003875 0.003150 90 0
0.100000 -0.008575 0.006250 90 1
0.150000 -0.014175 0.009350 90 2
0.250000 -0.027875 0.015550 90 3
0.350000 -0.045025 0.021850 90 4
0.450000 -0.065675 0.028150 90 5
0.050000 0.000325 -0.003350 91 0
0.100000 -0.000225 -0.006750 91 1
0.150000 -0.001575 -0.010050 91 2
0.250000 -0.006825 -0.016750 91 3
0.350000 -0.015425 -0.023550 91 4
0.450000 -0.027425 -0.030250 91 5
0.050000 0.000275 -0.005650 92 0
0.100000 0.001425 -0.011350 92 1
0.150000 0.003375 -0.017050 92 2
0.250000 0.009825 -0.028450 92 3
0.350000 0.019625 -0.039850 92 4
0.450000 0.032825 -0.051350 92 5
0.050000 -0.001525 -0.009950 93 0
0.100000 -0.002175 -0.019850 93 1
0.150000 -0.002025 -0.029750 93 2
0.250000 0.000825 -0.049650 93 3
0.350000 0.006975 -0.069550 93 4
0.450000 0.016525 -0.089450 93 5
0.050000 0.000775 -0.006150 94 0
0.100000 0.002375 -0.012250 94 1
0.150000 0.004825 -0.018450 94 2
0.250000 0.012175 -0.030750 94 3
0.350000 0.022975 -0.043150 94 4
0.450000 0.037125 -0.055550 94 5
0.050000 0.003675 -0.006450 95 0
0.100000 0.008225 -0.012950 95 1
0.150000 0.013625 -0.019350 95 2
0.250000 0.026975 -0.032350 95 3
0.350000 0.043725 -0.045350 95 4
0.450000 0.064025 -0.058550 95 5
0.050000 -0.001125 0.005450 96 0
0.100000 -0.001375 0.010850 96 1
0.150000 -0.000825 0.016250 96 2
0.250000 0.002825 0.027150 96 3
0.350000 0.009825 0.037950 96 4
0.450000 0.020175 0.048850 96 5
0.050000 0.000175 -0.005950 97 0
0.100000 -0.000475 -0.011850 97 1
0.150000 -0.001975 -0.017850 97 2
0.250000 -0.007425 -0.029750 97 3
0.350000 -0.016275 -0.041650 97 4
0.450000 -0.028525 -0.053650 97 5
0.050000 -0.003575 0.006750 98 0
0.100000 -0.006275 0.013550 98 1
0.150000 -0.008175 0.020250 98 2
0.250000 -0.009425 0.033750 98 3
0.350000 -0.007375 0.047250 98 4
0.450000 -0.001975 0.060750 98 5
5
0.050000 0.003525 -0.004650 0 0
0.100000 0.006175 -0.009250 0 1
0.150000 0.008025 -0.013850 0 2
0.250000 0.009175 -0.023050 0 3
0.350000 0.007025 -0.032250 0 4
0.450000 0.001475 -0.041450 0 5
0.050000 0.000575 0.008150 1 0
0.100000 0.001925 0.016350 1 1
0.150000 0.004175 0.024550 1 2
0.250000 0.011125 0.040950 1 3
0.350000 0.021425 0.057450 1 4
0.450000 0.035175 0.073950 1 5
0.050000 0.003325 0.005150 2 0
0.100000 0.007525 0.010250 2 1
0.150000 0.012525 0.015350 2 2
0.250000 0.025075 0.025550 2 3
0.350000 0.041125 0.035950 2 4
0.450000 0.060625 0.046250 2 5
0.050000 -0.003075 0.003750 3 0
0.100000 -0.006925 0.007550 3 1
0.150000 -0.011675 0.011250 3 2
0.250000 -0.023725 0.018850 3 3
0.350000 -0.039125 0.026450 3 4
0.450000 -0.058075 0.034050 3 5
0.050000 -0.000275 0.004850 4 0
0.100000 0.000275 0.009650 4 1
0.150000 0.001675 0.014450 4 2
0.250000 0.006975 0.024150 4 3
0.350000 0.015625 0.033750 4 4
0.450000 0.027675 0.043450 4 5
0.050000 -0.000325 0.000750 5 0
0.100000 -0.001525 0.001550 5 1
0.150000 -0.003525 0.002350 5 2
0.250000 -0.010025 0.003950 5 3
0.350000 -0.019925 0.005550 5 4
0.450000 -0.033225 0.007150 5 5
0.050000 -0.003275 -0.000050 6 0
0.100000 -0.005725 -0.000050 6 1
0.150000 -0.007325 -0.000150 6 2
0.250000 -0.008025 -0.000250 6 3
0.350000 -0.005425 -0.000350 6 4
0.450000 0.000575 -0.000450 6 5
0.050000 -0.003675 0.008850 7 0
0.100000 -0.008125 0.017750 7 1
0.150000 -0.013475 0.026650 7 2
0.250000 -0.026725 0.044550 7 3
0.350000 -0.043375 0.062550 7 4
0.450000 -0.063575 0.080550 7 5
0.050000 0.003975 0.005650 8 0
0.100000 0.008775 0.011350 8 1
0.150000 0.014425 0.016950 8 2
0.250000 0.028275 0.028350 8 3
0.350000 0.045575 0.039850 8 4
0.450000 0.066425 0.051350 8 5
0.050000 -0.003875 0.007250 9 0
0.100000 -0.008625 0.014450 9 1
0.150000 -0.014175 0.021750 9 2
0.250000 -0.027875 0.036350 9 3
0.350000 -0.045025 0.050950 9 4
0.450000 -0.065675 0.065650 9 5
0.050000 0.003625 0.005950 10 0
0.100000 0.008125 0.011950 10 1
0.150000 0.013425 0.017950 10 2
0.250000 0.026625 0.029950 10 3
0.350000 0.043225 0.041950 10 4
0.450000 0.063375 0.054150 10 5
0.050000 0.004925 0.005050 11 0
0.100000 0.010675 0.010050 11 1
0.150000 0.017275 0.015150 11 2
0.250000 0.033075 0.025350 11 3
0.350000 0.052325 0.035550 11 4
0.450000 0.075175 0.045850 11 5
0.050000 0.001575 0.007250 12 0
0.100000 0.003975 0.014450 12 1
0.150000 0.007225 0.021650 12 2
0.250000 0.016275 0.036150 12 3
0.350000 0.028675 0.050650 12 4
0.450000 0.044525 0.065250 12 5
0.050000 -0.001675 -0.004750 13 0
0.100000 -0.002525 -0.009450 13 1
0.150000 -0.002525 -0.014250 13 2
0.250000 -0.000075 -0.023650 13 3
0.350000 0.005725 -0.033150 13 4
0.450000 0.014925 -0.042650 13 5
0.050000 0.001975 -0.003650 14 0
0.100000 0.003175 -0.007350 14 1
0.150000 0.003475 -0.010950 14 2
0.250000 0.001625 -0.018250 14 3
0.350000 -0.003525 -0.025550 14 4
0.450000 -0.012075 -0.032950 14 5
0.050000 0.005175 0.003050 15 0
0.100000 0.011175 0.006050 15 1
0.150000 0.018025 0.009050 15 2
0.250000 0.034325 0.015150 15 3
0.350000 0.054175 0.021250 15 4
0.450000 0.077525 0.027350 15 5
0.050000 -0.003975 0.002050 16 0
0.100000 -0.007175 0.004150 16 1
0.150000 -0.009475 0.006150 16 2
0.250000 -0.011625 0.010250 16 3
0.350000 -0.010425 0.014350 16 4
0.450000 -0.005875 0.018550 16 5
0.050000 0.000275 -0.008950 17 0
0.100000 -0.000325 -0.017850 17 1
0.150000 -0.001725 -0.026750 17 2
0.250000 -0.007075 -0.044650 17 3
0.350000 -0.015775 -0.062550 17 4
0.450000 -0.027825 -0.080550 17 5
0.050000 0.004925 -0.003750 18 0
0.100000 0.010675 -0.007550 18 1
0.150000 0.017275 -0.011350 18 2
0.250000 0.033025 -0.019050 18 3
0.350000 0.052325 -0.026750 18 4
0.450000 0.075125 -0.034450 18 5
0.050000 -0.000425 0.006350 19 0
0.100000 -0.001725 0.012750 19 1
0.150000 -0.003825 0.019050 19 2
0.250000 -0.010575 0.031850 19 3
0.350000 -0.020725 0.044550 19 4
0.450000 -0.034225 0.057450 19 5
0.050000 -0.002125 0.002750 20 0
0.100000 -0.005075 0.005550 20 1
0.150000 -0.008875 0.008250 20 2
0.250000 -0.019025 0.013850 20 3
0.350000 -0.032525 0.019450 20 4
0.450000 -0.049525 0.025050 20 5
0.050000 0.000675 0.004350 21 0
0.100000 0.002125 0.008750 21 1
0.150000 0.004475 0.013150 21 2
0.250000 0.011625 0.021950 21 3
0.350000 0.022175 0.030850 21 4
0.450000 0.036075 0.039650 21 5
0.050000 -0.002725 0.008450 22 0
0.100000 -0.006325 0.016850 22 1
0.150000 -0.010725 0.025250 22 2
0.250000 -0.022125 0.042250 22 3
0.350000 -0.036925 0.059250 22 4
0.450000 -0.055175 0.076350 22 5
0.050000 0.001375 0.006050 23 0
0.100000 0.003575 0.012150 23 1
0.150000 0.006625 0.018150 23 2
0.250000 0.015225 0.030350 23 3
0.350000 0.027225 0.042550 23 4
0.450000 0.042675 0.054850 23 5
0.050000 0.000775 0.005850 24 0
0.100000 0.000725 0.011650 24 1
0.150000 -0.000175 0.017450 24 2
0.250000 -0.004475 0.029150 24 3
0.350000 -0.012125 0.040850 24 4
0.450000 -0.023125 0.052550 24 5
0.050000 -0.003975 -0.000950 25 0
0.100000 -0.008825 -0.001850 25 1
0.150000 -0.014475 -0.002750 25 2
0.250000 -0.028425 -0.004650 25 3
0.350000 -0.045775 -0.006550 25 4
0.450000 -0.066675 -0.008350 25 5
0.050000 -0.002175 0.001950 26 0
0.100000 -0.005175 0.003850 26 1
0.150000 -0.009025 0.005850 26 2
0.250000 -0.019225 0.009750 26 3
0.350000 -0.032825 0.013650 26 4
0.450000 -0.049925 0.017550 26 5
0.050000 -0.001725 0.004250 27 0
0.100000 -0.002625 0.008450 27 1
0.150000 -0.002725 0.012750 27 2
0.250000 -0.000375 0.021250 27 3
0.350000 0.005325 0.029750 27 4
0.450000 0.014425 0.038250 27 5
0.050000 -0.001975 0.008150 28 0
0.100000 -0.004775 0.016250 28 1
0.150000 -0.008475 0.024450 28 2
0.250000 -0.018275 0.040850 28 3
0.350000 -0.031525 0.057250 28 4
0.450000 -0.048225 0.073750 28 5
0.050000 0.003175 -0.004150 29 0
0.100000 0.007175 -0.008250 29 1
0.150000 0.012025 -0.012350 29 2
0.250000 0.024225 -0.020650 29 3
0.350000 0.039875 -0.028950 29 4
0.450000 0.059025 -0.037250 29 5
0.050000 -0.001125 -0.001650 30 0
0.100000 -0.003075 -0.003250 30 1
0.150000 -0.005875 -0.004950 30 2
0.250000 -0.013975 -0.008250 30 3
0.350000 -0.025475 -0.011550 30 4
0.450000 -0.040375 -0.014850 30 5
0.050000 -0.003775 0.007750 31 0
0.100000 -0.008375 0.015550 31 1
0.150000 -0.013825 0.023250 31 2
0.250000 -0.027275 0.038850 31 3
0.350000 -0.044175 0.054550 31 4
0.450000 -0.064575 0.070350 31 5
0.050000 -0.000225 -0.001350 32 0
0.100000 0.000425 -0.002750 32 1
0.150000 0.001875 -0.004050 32 2
0.250000 0.007325 -0.006750 32 3
0.350000 0.016075 -0.009450 32 4
0.450000 0.028275 -0.012150 32 5
0.050000 0.005375 0.005550 33 0
0.100000 0.011575 0.011050 33 1
0.150000 0.018625 0.016550 33 2
0.250000 0.035325 0.027750 33 3
0.350000 0.055525 0.038950 33 4
0.450000 0.079325 0.050150 33 5
0.050000 0.002325 -0.006050 34 0
0.100000 0.005525 -0.012050 34 1
0.150000 0.009525 -0.018150 34 2
0.250000 0.020075 -0.030250 34 3
0.350000 0.034025 -0.042450 34 4
0.450000 0.051475 -0.054650 34 5
0.050000 -0.001075 0.002850 35 0
0.100000 -0.002975 0.005750 35 1
0.150000 -0.005725 0.008650 35 2
0.250000 -0.013725 0.014450 35 3
0.350000 -0.025075 0.020250 35 4
0.450000 -0.039875 0.026050 35 5
0.050000 0.001675 -0.002150 36 0
0.100000 0.004125 -0.004350 36 1
0.150000 0.007475 -0.006450 36 2
0.250000 0.016675 -0.010850 36 3
0.350000 0.029225 -0.015150 36 4
0.450000 0.045225 -0.019550 36 5
0.050000 0.003075 0.000650 37 0
0.100000 0.006975 0.001250 37 1
0.150000 0.011775 0.001850 37 2
0.250000 0.023825 0.003150 37 3
0.350000 0.039325 0.004450 37 4
0.450000 0.058325 0.005750 37 5
0.050000 0.002675 -0.004050 38 0
0.100000 0.006225 -0.008050 38 1
0.150000 0.010625 -0.012050 38 2
0.250000 0.021875 -0.020150 38 3
0.350000 0.036575 -0.028250 38 4
0.450000 0.054775 -0.036450 38 5
0.050000 -0.004425 0.004850 39 0
0.100000 -0.009625 0.009650 39 1
0.150000 -0.015725 0.014450 39 2
0.250000 -0.030525 0.024250 39 3
0.350000 -0.048725 0.033950 39 4
0.450000 -0.070525 0.043750 39 5
0.050000 0.003525 0.001750 40 0
0.100000 0.007925 0.003550 40 1
0.150000 0.013125 0.005350 40 2
0.250000 0.026125 0.008950 40 3
0.350000 0.042525 0.012550 40 4
0.450000 0.062475 0.016150 40 5
0.050000 -0.004025 0.009750 41 0
0.100000 -0.008875 0.019550 41 1
0.150000 -0.014575 0.029350 41 2
0.250000 -0.028525 0.049050 41 3
0.350000 -0.045975 0.068850 41 4
0.450000 -0.066925 0.088750 41 5
0.050000 0.001325 -0.009950 42 0
0.100000 0.001875 -0.019850 42 1
0.150000 0.001525 -0.029750 42 2
0.250000 -0.001575 -0.049650 42 3
0.350000 -0.008075 -0.069550 42 4
0.450000 -0.017925 -0.089450 42 5
0.050000 0.002225 0.003850 43 0
0.100000 0.005275 0.007650 43 1
0.150000 0.009175 0.011550 43 2
0.250000 0.019525 0.019250 43 3
0.350000 0.033275 0.026950 43 4
0.450000 0.050425 0.034750 43 5
0.050000 0.000025 -0.008550 44 0
0.100000 0.000875 -0.017150 44 1
0.150000 0.002525 -0.025650 44 2
0.250000 0.008375 -0.042850 44 3
0.350000 0.017625 -0.060050 44 4
0.450000 0.030225 -0.077250 44 5
0.050000 -0.003725 0.009550 45 0
0.100000 -0.006575 0.019150 45 1
0.150000 -0.008625 0.028650 45 2
0.250000 -0.010175 0.047750 45 3
0.350000 -0.008425 0.066850 45 4
0.450000 -0.003325 0.085950 45 5
0.050000 -0.001325 -0.003950 46 0
0.100000 -0.003425 -0.007850 46 1
0.150000 -0.006425 -0.011750 46 2
0.250000 -0.014875 -0.019650 46 3
0.350000 -0.026775 -0.027450 46 4
0.450000 -0.042025 -0.035450 46 5
0.050000 -0.001925 -0.006650 47 0
0.100000 -0.002975 -0.013250 47 1
0.150000 -0.003225 -0.019950 47 2
0.250000 -0.001225 -0.033250 47 3
0.350000 0.004125 -0.046450 47 4
0.450000 0.012825 -0.059850 47 5
0.050000 -0.000825 0.008050 48 0
0.100000 -0.002425 0.016050 48 1
0.150000 -0.004925 0.024150 48 2
0.250000 -0.012375 0.040250 48 3
0.350000 -0.023175 0.056450 48 4
0.450000 -0.037425 0.072650 48 5
0.050000 0.003325 -0.008650 49 0
0.100000 0.005825 -0.017250 49 1
0.150000 0.007475 -0.025850 49 2
0.250000 0.008275 -0.043150 49 3
0.350000 0.005725 -0.060350 49 4
0.450000 -0.000175 -0.077650 49 5
0.050000 0.001325 -0.007550 50 0
0.100000 0.003525 -0.015050 50 1
0.150000 0.006525 -0.022550 50 2
0.250000 0.015075 -0.037650 50 3
0.350000 0.027025 -0.052750 50 4
0.450000 0.042425 -0.067950 50 5
0.050000 -0.003475 0.009650 51 0
0.100000 -0.006075 0.019350 51 1
0.150000 -0.007875 0.028950 51 2
0.250000 -0.008925 0.048250 51 3
0.350000 -0.006675 0.067550 51 4
0.450000 -0.001025 0.086850 51 5
0.050000 -0.001925 -0.009150 52 0
0.100000 -0.004675 -0.018350 52 1
0.150000 -0.008275 -0.027550 52 2
0.250000 -0.017975 -0.046050 52 3
0.350000 -0.031125 -0.064550 52 4
0.450000 -0.047675 -0.083150 52 5
0.050000 -0.002075 -0.004550 53 0
0.100000 -0.003375 -0.009050 53 1
0.150000 -0.003775 -0.013550 53 2
0.250000 -0.002125 -0.022650 53 3
0.350000 0.002825 -0.031750 53 4
0.450000 0.011175 -0.040750 53 5
0.050000 -0.001375 -0.000450 54 0
0.100000 -0.001975 -0.000850 54 1
0.150000 -0.001675 -0.001250 54 2
0.250000 0.001375 -0.002150 54 3
0.350000 0.007775 -0.002950 54 4
0.450000 0.017525 -0.003850 54 5
0.050000 0.003875 -0.002750 55 0
0.100000 0.008625 -0.005450 55 1
0.150000 0.014175 -0.008150 55 2
0.250000 0.027875 -0.013650 55 3
0.350000 0.045075 -0.019150 55 4
0.450000 0.065725 -0.024650 55 5
0.050000 0.005125 -0.000250 56 0
0.100000 0.011075 -0.000450 56 1
0.150000 0.017875 -0.000650 56 2
0.250000 0.034125 -0.001050 56 3
0.350000 0.053825 -0.001450 56 4
0.450000 0.077125 -0.001850 56 5
0.050000 0.002125 -0.002950 57 0
0.100000 0.005125 -0.005950 57 1
0.150000 0.008925 -0.008950 57 2
0.250000 0.019075 -0.014950 57 3
0.350000 0.032675 -0.020950 57 4
0.450000 0.049675 -0.027050 57 5
0.050000 -0.001475 -0.004150 58 0
0.100000 -0.003725 -0.008250 58 1
0.150000 -0.006875 -0.012350 58 2
0.250000 -0.015675 -0.020650 58 3
0.350000 -0.027825 -0.028950 58 4
0.450000 -0.043425 -0.037350 58 5
0.050000 0.000025 -0.006950 59 0
0.100000 0.000875 -0.013950 59 1
0.150000 0.002575 -0.020850 59 2
0.250000 0.008425 -0.034850 59 3
0.350000 0.017675 -0.048850 59 4
0.450000 0.030325 -0.062850 59 5
0.050000 -0.002225 -0.004650 60 0
0.100000 -0.003575 -0.009350 60 1
0.150000 -0.004125 -0.014050 60 2
0.250000 -0.002675 -0.023350 60 3
0.350000 0.002075 -0.032750 60 4
0.450000 0.010225 -0.042050 60 5
0.050000 0.000625 -0.001150 61 0
0.100000 0.002125 -0.002250 61 1
0.150000 0.004425 -0.003350 61 2
0.250000 0.011575 -0.005550 61 3
0.350000 0.022075 -0.007850 61 4
0.450000 0.035975 -0.010150 61 5
0.050000 0.002225 0.008950 62 0
0.100000 0.005275 0.017850 62 1
0.150000 0.009225 0.026850 62 2
0.250000 0.019525 0.044750 62 3
0.350000 0.033275 0.062750 62 4
0.450000 0.050525 0.080850 62 5
0.050000 -0.004375 0.009550 63 0
0.100000 -0.007875 0.019050 63 1
0.150000 -0.010575 0.028550 63 2
0.250000 -0.013425 0.047550 63 3
0.350000 -0.012925 0.066550 63 4
0.450000 -0.009125 0.085550 63 5
0.050000 -0.004575 0.005650 64 0
0.100000 -0.009975 0.011350 64 1
0.150000 -0.016225 0.017050 64 2
0.250000 -0.031325 0.028450 64 3
0.350000 -0.049875 0.039850 64 4
0.450000 -0.072025 0.051450 64 5
0.050000 0.002225 0.005550 65 0
0.100000 0.005225 0.011050 65 1
0.150000 0.009125 0.016550 65 2
0.250000 0.019425 0.027650 65 3
0.350000 0.033075 0.038750 65 4
0.450000 0.050225 0.049950 65 5
0.050000 0.003625 -0.006150 66 0
0.100000 0.006375 -0.012250 66 1
0.150000 0.008325 -0.018250 66 2
0.250000 0.009675 -0.030450 66 3
0.350000 0.007725 -0.042650 66 4
0.450000 0.002425 -0.054850 66 5
0.050000 0.003175 -0.003550 67 0
0.100000 0.007175 -0.007150 67 1
0.150000 0.012025 -0.010750 67 2
0.250000 0.024225 -0.017850 67 3
0.350000 0.039925 -0.025050 67 4
0.450000 0.059075 -0.032350 67 5
0.050000 -0.002975 0.010150 68 0
0.100000 -0.006775 0.020350 68 1
0.150000 -0.011425 0.030550 68 2
0.250000 -0.023275 0.051050 68 3
0.350000 -0.038575 0.071650 68 4
0.450000 -0.057325 0.092350 68 5
0.050000 -0.003125 -0.002050 69 0
0.100000 -0.005425 -0.004150 69 1
0.150000 -0.006875 -0.006150 69 2
0.250000 -0.007275 -0.010250 69 3
0.350000 -0.004375 -0.014350 69 4
0.450000 0.001875 -0.018450 69 5
0.050000 -0.004675 0.005050 70 0
0.100000 -0.010175 0.010050 70 1
0.150000 -0.016575 0.015050 70 2
0.250000 -0.031875 0.025250 70 3
0.350000 -0.050675 0.035350 70 4
0.450000 -0.073025 0.045650 70 5
0.050000 -0.003275 0.008250 71 0
0.100000 -0.007425 0.016450 71 1
0.150000 -0.012375 0.024750 71 2
0.250000 -0.024875 0.041250 71 3
0.350000 -0.040775 0.057950 71 4
0.450000 -0.060225 0.074650 71 5
0.050000 0.001725 0.007650 72 0
0.100000 0.004275 0.015250 72 1
0.150000 0.007625 0.022850 72 2
0.250000 0.016925 0.038150 72 3
0.350000 0.029625 0.053450 72 4
0.450000 0.045725 0.068850 72 5
0.050000 0.003575 0.008450 73 0
0.100000 0.006325 0.016850 73 1
0.150000 0.008225 0.025250 73 2
0.250000 0.009525 0.042050 73 3
0.350000 0.007475 0.058850 73 4
0.450000 0.002125 0.075650 73 5
0.050000 0.003875 0.003050 74 0
0.100000 0.008575 0.006050 74 1
0.150000 0.014125 0.009150 74 2
0.250000 0.027775 0.015250 74 3
0.350000 0.044875 0.021350 74 4
0.450000 0.065475 0.027550 74 5
0.050000 -0.004425 -0.007750 75 0
0.100000 -0.008025 -0.015450 75 1
0.150000 -0.010825 -0.023050 75 2
0.250000 -0.013825 -0.038450 75 3
0.350000 -0.013525 -0.053850 75 4
0.450000 -0.009875 -0.069150 75 5
0.050000 0.001475 -0.006350 76 0
0.100000 0.003775 -0.012750 76 1
0.150000 0.006925 -0.019150 76 2
0.250000 0.015725 -0.031950 76 3
0.350000 0.027925 -0.044850 76 4
0.450000 0.043575 -0.057750 76 5
0.050000 -0.004025 -0.005050 77 0
0.100000 -0.007175 -0.010150 77 1
0.150000 -0.009525 -0.015250 77 2
0.250000 -0.011725 -0.025350 77 3
0.350000 -0.010575 -0.035450 77 4
0.450000 -0.006075 -0.045650 77 5
0.050000 0.002775 0.008550 78 0
0.100000 0.004725 0.017150 78 1
0.150000 0.005825 0.025750 78 2
0.250000 0.005575 0.042950 78 3
0.350000 0.001925 0.060150 78 4
0.450000 -0.005025 0.077350 78 5
0.050000 0.003725 0.002450 79 0
0.100000 0.006575 0.004850 79 1
0.150000 0.008625 0.007350 79 2
0.250000 0.010175 0.012150 79 3
0.350000 0.008425 0.017050 79 4
0.450000 0.003325 0.021950 79 5
0.050000 0.001075 -0.002250 80 0
0.100000 0.001275 -0.004550 80 1
0.150000 0.000675 -0.006750 80 2
0.250000 -0.003025 -0.011250 80 3
0.350000 -0.010075 -0.015750 80 4
0.450000 -0.020475 -0.020350 80 5
0.050000 -0.002725 0.008750 81 0
0.100000 -0.004625 0.017450 81 1
0.150000 -0.005725 0.026150 81 2
0.250000 -0.005325 0.043650 81 3
0.350000 -0.001625 0.061050 81 4
0.450000 0.005375 0.078550 81 5
0.050000 -0.002225 -0.007650 82 0
0.100000 -0.003575 -0.015250 82 1
0.150000 -0.004125 -0.022850 82 2
0.250000 -0.002725 -0.038050 82 3
0.350000 0.002025 -0.053350 82 4
0.450000 0.010175 -0.068650 82 5
0.050000 -0.001525 0.002350 83 0
0.100000 -0.002175 0.004650 83 1
0.150000 -0.002025 0.007050 83 2
0.250000 0.000825 0.011650 83 3
0.350000 0.006975 0.016350 83 4
0.450000 0.016525 0.021050 83 5
0.050000 -0.000675 -0.009650 84 0
0.100000 -0.000575 -0.019350 84 1
0.150000 0.000425 -0.028950 84 2
0.250000 0.004875 -0.048250 84 3
0.350000 0.012675 -0.067650 84 4
0.450000 0.023825 -0.087050 84 5
0.050000 0.002775 -0.003350 85 0
0.100000 0.006375 -0.006750 85 1
0.150000 0.010775 -0.010250 85 2
0.250000 0.022225 -0.017050 85 3
0.350000 0.037025 -0.023850 85 4
0.450000 0.055325 -0.030750 85 5
0.050000 0.004375 0.003950 86 0
0.100000 0.007925 0.007950 86 1
0.150000 0.010625 0.011850 86 2
0.250000 0.013575 0.019750 86 3
0.350000 0.013125 0.027650 86 4
0.450000 0.009375 0.035550 86 5
0.050000 -0.003875 -0.008850 87 0
0.100000 -0.008575 -0.017650 87 1
0.150000 -0.014125 -0.026450 87 2
0.250000 -0.027775 -0.044250 87 3
0.350000 -0.044875 -0.062050 87 4
0.450000 -0.065525 -0.080050 87 5
0.050000 0.003225 0.002850 88 0
0.100000 0.005575 0.005650 88 1
0.150000 0.007125 0.008450 88 2
0.250000 0.007725 0.014050 88 3
0.350000 0.004925 0.019750 88 4
0.450000 -0.001175 0.025350 88 5
0.050000 0.002125 -0.007550 89 0
0.100000 0.005075 -0.015050 89 1
0.150000 0.008825 -0.022650 89 2
0.250000 0.018925 -0.037750 89 3
0.350000 0.032425 -0.052950 89 4
0.450000 0.049375 -0.068150 89 5
0.050000 0.003275 -0.007350 90 0
0.100000 0.005675 -0.014650 90 1
0.150000 0.007275 -0.021850 90 2
0.250000 0.007975 -0.036450 90 3
0.350000 0.005325 -0.051050 90 4
0.450000 -0.000675 -0.065650 90 5
0.050000 0.000325 0.007250 91 0
0.100000 0.001525 0.014450 91 1
0.150000 0.003525 0.021650 91 2
0.250000 0.010025 0.036050 91 3
0.350000 0.019925 0.050550 91 4
0.450000 0.033225 0.065150 91 5
0.050000 0.000375 0.001850 92 0
0.100000 0.001625 0.003750 92 1
0.150000 0.003675 0.005650 92 2
0.250000 0.010275 0.009350 92 3
0.350000 0.020275 0.013150 92 4
0.450000 0.033675 0.016850 92 5
0.050000 0.003575 -0.007350 93 0
0.100000 0.006325 -0.014750 93 1
0.150000 0.008275 -0.022050 93 2
0.250000 0.009575 -0.036750 93 3
0.350000 0.007575 -0.051450 93 4
0.450000 0.002225 -0.066150 93 5
0.050000 0.000525 -0.009850 94 0
0.100000 0.001875 -0.019650 94 1
0.150000 0.004075 -0.029450 94 2
0.250000 0.010975 -0.049150 94 3
0.350000 0.021225 -0.068850 94 4
0.450000 0.034925 -0.088650 94 5
0.050000 0.002925 -0.003650 95 0
0.100000 0.005025 -0.007350 95 1
0.150000 0.006275 -0.011050 95 2
0.250000 0.006275 -0.018450 95 3
0.350000 0.002925 -0.025750 95 4
0.450000 -0.003775 -0.033150 95 5
0.050000 0.004225 0.006150 96 0
0.100000 0.007575 0.012350 96 1
0.150000 0.010125 0.018450 96 2
0.250000 0.012725 0.030750 96 3
0.350000 0.011975 0.043050 96 4
0.450000 0.007875 0.055350 96 5
0.050000 0.001625 0.000450 97 0
0.100000 0.004075 0.000950 97 1
0.150000 0.007425 0.001450 97 2
0.250000 0.016525 0.002450 97 3
0.350000 0.029075 0.003450 97 4
0.450000 0.045025 0.004450 97 5
0.050000 -0.001925 0.001150 98 0
0.100000 -0.003025 0.002250 98 1
0.150000 -0.003275 0.003450 98 2
0.250000 -0.001325 0.005750 98 3
0.350000 0.004025 0.008050 98 4
0.450000 0.012675 0.010350 98 5
0.050000 0.004325 0.001650 99 0
0.100000 0.007775 0.003250 99 1
0.150000 0.010425 0.004850 99 2
0.250000 0.013175 0.008150 99 3
0.350000 0.012575 0.011350 99 4
0.450000 0.008625 0.014650 99 5
6
0.050000 -0.001225 -0.000150 0 0
0.100000 -0.001575 -0.000250 0 1
0.150000 -0.001125 -0.000350 0 2
0.250000 0.002325 -0.000550 0 3
0.350000 0.009125 -0.000750 0 4
0.450000 0.019275 -0.001050 0 5
0.050000 -0.004025 -0.000650 1 0
0.100000 -0.008925 -0.001350 1 1
0.150000 -0.014625 -0.002050 1 2
0.250000 -0.028625 -0.003450 1 3
0.350000 -0.046125 -0.004850 1 4
0.450000 -0.067125 -0.006250 1 5
0.050000 -0.003375 -0.002950 2 0
0.100000 -0.007575 -0.005950 2 1
0.150000 -0.012625 -0.008950 2 2
0.250000 -0.025275 -0.014950 2 3
0.350000 -0.041375 -0.020950 2 4
0.450000 -0.060975 -0.026950 2 5
0.050000 0.000325 -0.007650 3 0
0.100000 0.001475 -0.015250 3 1
0.150000 0.003425 -0.022850 3 2
0.250000 0.009875 -0.038050 3 3
0.350000 0.019725 -0.053350 3 4
0.450000 0.032975 -0.068750 3 5
0.050000 -0.003725 0.009550 4 0
0.100000 -0.006625 0.019150 4 1
0.150000 -0.008675 0.028650 4 2
0.250000 -0.010225 0.047850 4 3
0.350000 -0.008525 0.066950 4 4
0.450000 -0.003425 0.086050 4 5
0.050000 -0.001125 -0.001050 5 0
0.100000 -0.003025 -0.002150 5 1
0.150000 -0.005825 -0.003150 5 2
0.250000 -0.013875 -0.005250 5 3
0.350000 -0.025325 -0.007350 5 4
0.450000 -0.040225 -0.009550 5 5
0.050000 0.003525 0.008050 6 0
0.100000 0.006175 0.016150 6 1
0.150000 0.008025 0.024250 6 2
0.250000 0.009175 0.040450 6 3
0.350000 0.006975 0.056550 6 4
0.450000 0.001475 0.072750 6 5
0.050000 -0.000875 -0.004850 7 0
0.100000 -0.000875 -0.009650 7 1
0.150000 -0.000075 -0.014450 7 2
0.250000 0.004075 -0.024150 7 3
0.350000 0.011575 -0.033750 7 4
0.450000 0.022425 -0.043450 7 5
0.050000 -0.002975 -0.009050 8 0
0.100000 -0.006775 -0.018050 8 1
0.150000 -0.011375 -0.027150 8 2
0.250000 -0.023225 -0.045250 8 3
0.350000 -0.038475 -0.063450 8 4
0.450000 -0.057175 -0.081750 8 5
0.050000 -0.001475 -0.006050 9 0
0.100000 -0.003725 -0.012150 9 1
0.150000 -0.006875 -0.018250 9 2
0.250000 -0.015625 -0.030350 9 3
0.350000 -0.027825 -0.042550 9 4
0.450000 -0.043425 -0.054850 9 5
0.050000 0.000675 0.009050 10 0
0.100000 0.002225 0.018150 10 1
0.150000 0.004575 0.027250 10 2
0.250000 0.011775 0.045550 10 3
0.350000 0.022375 0.063750 10 4
0.450000 0.036425 0.082150 10 5
0.050000 -0.001625 0.005950 11 0
0.100000 -0.004075 0.011850 11 1
0.150000 -0.007325 0.017750 11 2
0.250000 -0.016425 0.029650 11 3
0.350000 -0.028925 0.041650 11 4
0.450000 -0.044825 0.053650 11 5
0.050000 -0.000275 0.004550 12 0
0.100000 -0.001425 0.009050 12 1
0.150000 -0.003375 0.013650 12 2
0.250000 -0.009775 0.022750 12 3
0.350000 -0.019575 0.031850 12 4
0.450000 -0.032775 0.041050 12 5
0.050000 -0.005325 -0.001450 13 0
0.100000 -0.011525 -0.002950 13 1
0.150000 -0.018575 -0.004550 13 2
0.250000 -0.035275 -0.007550 13 3
0.350000 -0.055475 -0.010550 13 4
0.450000 -0.079275 -0.013650 13 5
0.050000 -0.000625 0.002150 14 0
0.100000 -0.002125 0.004350 14 1
0.150000 -0.004425 0.006550 14 2
0.250000 -0.011525 0.010950 14 3
0.350000 -0.022025 0.015450 14 4
0.450000 -0.035925 0.019850 14 5
0.050000 0.004525 0.000550 15 0
0.100000 0.009875 0.001150 15 1
0.150000 0.016125 0.001750 15 2
0.250000 0.031125 0.002950 15 3
0.350000 0.049625 0.004150 15 4
0.450000 0.071675 0.005350 15 5
0.050000 0.001025 0.005550 16 0
0.100000 0.001225 0.011050 16 1
0.150000 0.000575 0.016550 16 2
0.250000 -0.003225 0.027650 16 3
0.350000 -0.010375 0.038750 16 4
0.450000 -0.020925 0.049850 16 5
0.050000 0.000125 -0.005650 17 0
0.100000 -0.000575 -0.011350 17 1
0.150000 -0.002125 -0.016950 17 2
0.250000 -0.007675 -0.028350 17 3
0.350000 -0.016625 -0.039650 17 4
0.450000 -0.028975 -0.051050 17 5
0.050000 0.000625 -0.005050 18 0
0.100000 0.002125 -0.010050 18 1
0.150000 0.004425 -0.015150 18 2
0.250000 0.011525 -0.025250 18 3
0.350000 0.022025 -0.035450 18 4
0.450000 0.035925 -0.045650 18 5
0.050000 -0.003675 -0.009950 19 0
0.100000 -0.008175 -0.019850 19 1
0.150000 -0.013525 -0.029850 19 2
0.250000 -0.026825 -0.049850 19 3
0.350000 -0.043525 -0.069950 19 4
0.450000 -0.063775 -0.090150 19 5
0.050000 0.001475 -0.004950 20 0
0.100000 0.003775 -0.009950 20 1
0.150000 0.006925 -0.014950 20 2
0.250000 0.015775 -0.024950 20 3
0.350000 0.027975 -0.035050 20 4
0.450000 0.043625 -0.045150 20 5
0.050000 -0.005025 -0.001150 21 0
0.100000 -0.010875 -0.002350 21 1
0.150000 -0.017575 -0.003550 21 2
0.250000 -0.033625 -0.005950 21 3
0.350000 -0.053125 -0.008350 21 4
0.450000 -0.076175 -0.010750 21 5
0.050000 -0.001175 -0.004750 22 0
0.100000 -0.001525 -0.009450 22 1
0.150000 -0.001025 -0.014150 22 2
0.250000 0.002475 -0.023550 22 3
0.350000 0.009325 -0.033050 22 4
0.450000 0.019525 -0.042550 22 5
0.050000 0.003875 0.000650 23 0
0.100000 0.006925 0.001350 23 1
0.150000 0.009125 0.001950 23 2
0.250000 0.011025 0.003250 23 3
0.350000 0.009625 0.004650 23 4
0.450000 0.004825 0.005950 23 5
0.050000 -0.001975 0.006150 24 0
0.100000 -0.004775 0.012350 24 1
0.150000 -0.008425 0.018550 24 2
0.250000 -0.018225 0.030850 24 3
0.350000 -0.031425 0.043350 24 4
0.450000 -0.048075 0.055750 24 5
0.050000 0.004125 -0.009550 25 0
0.100000 0.007425 -0.019050 25 1
0.150000 0.009875 -0.028650 25 2
0.250000 0.012275 -0.047650 25 3
0.350000 0.011325 -0.066750 25 4
0.450000 0.007075 -0.085750 25 5
0.050000 0.001475 -0.010050 26 0
0.100000 0.003825 -0.020050 26 1
0.150000 0.006975 -0.030150 26 2
0.250000 0.015825 -0.050350 26 3
0.350000 0.028075 -0.070550 26 4
0.450000 0.043775 -0.090850 26 5
0.050000 -0.004825 -0.007750 27 0
0.100000 -0.010525 -0.015450 27 1
0.150000 -0.017075 -0.023150 27 2
0.250000 -0.032725 -0.038750 27 3
0.350000 -0.051875 -0.054350 27 4
0.450000 -0.074575 -0.070150 27 5
0.050000 0.004075 0.003050 28 0
0.100000 0.008925 0.006150 28 1
0.150000 0.014675 0.009250 28 2
0.250000 0.028725 0.015550 28 3
0.350000 0.046275 0.021750 28 4
0.450000 0.067275 0.028050 28 5
0.050000 -0.004975 0.008150 29 0
0.100000 -0.010775 0.016350 29 1
0.150000 -0.017475 0.024550 29 2
0.250000 -0.033375 0.040950 29 3
0.350000 -0.052775 0.057450 29 4
0.450000 -0.075775 0.074150 29 5
0.050000 0.002175 -0.002550 30 0
0.100000 0.005175 -0.005050 30 1
0.150000 0.009075 -0.007650 30 2
0.250000 0.019275 -0.012750 30 3
0.350000 0.032925 -0.017850 30 4
0.450000 0.050025 -0.022950 30 5
0.050000 0.004775 0.003350 31 0
0.100000 0.010375 0.006650 31 1
0.150000 0.016875 0.010050 31 2
0.250000 0.032375 0.016750 31 3
0.350000 0.051375 0.023550 31 4
0.450000 0.073925 0.030350 31 5
0.050000 -0.001875 -0.000850 32 0
0.100000 -0.004525 -0.001750 32 1
0.150000 -0.008075 -0.002650 32 2
0.250000 -0.017675 -0.004450 32 3
0.350000 -0.030625 -0.006250 32 4
0.450000 -0.047075 -0.007950 32 5
0.050000 -0.002325 -0.008150 33 0
0.100000 -0.005525 -0.016250 33 1
0.150000 -0.009525 -0.024350 33 2
0.250000 -0.020075 -0.040650 33 3
0.350000 -0.034075 -0.057050 33 4
0.450000 -0.051525 -0.073450 33 5
0.050000 -0.001025 -0.007250 34 0
0.100000 -0.002875 -0.014550 34 1
0.150000 -0.005575 -0.021850 34 2
0.250000 -0.013475 -0.036550 34 3
0.350000 -0.024775 -0.051250 34 4
0.450000 -0.039475 -0.065950 34 5
0.050000 0.003725 0.000050 35 0
0.100000 0.006575 0.000050 35 1
0.150000 0.008625 0.000050 35 2
0.250000 0.010175 0.000050 35 3
0.350000 0.008375 0.000050 35 4
0.450000 0.003275 0.000050 35 5
0.050000 -0.005225 -0.007750 36 0
0.100000 -0.011325 -0.015550 36 1
0.150000 -0.018275 -0.023350 36 2
0.250000 -0.034775 -0.039050 36 3
0.350000 -0.054775 -0.054850 36 4
0.450000 -0.078325 -0.070750 36 5
0.050000 -0.001475 0.000750 37 0
0.100000 -0.003775 0.001550 37 1
0.150000 -0.006925 0.002250 37 2
0.250000 -0.015725 0.003850 37 3
0.350000 -0.027875 0.005350 37 4
0.450000 -0.043525 0.006850 37 5
0.050000 -0.002975 0.005150 38 0
0.100000 -0.005125 0.010250 38 1
0.150000 -0.006425 0.015350 38 2
0.250000 -0.006525 0.025650 38 3
0.350000 -0.003275 0.035850 38 4
0.450000 0.003325 0.046150 38 5
0.050000 -0.005225 0.008150 39 0
0.100000 -0.011325 0.016350 39 1
0.150000 -0.018225 0.024550 39 2
0.250000 -0.034675 0.041050 39 3
0.350000 -0.054675 0.057650 39 4
0.450000 -0.078175 0.074350 39 5
0.050000 0.000025 -0.000650 40 0
0.100000 0.000875 -0.001250 40 1
0.150000 0.002575 -0.001850 40 2
0.250000 0.008475 -0.003150 40 3
0.350000 0.017775 -0.004350 40 4
0.450000 0.030425 -0.005550 40 5
0.050000 0.004275 -0.002750 41 0
0.100000 0.009375 -0.005450 41 1
0.150000 0.015325 -0.008150 41 2
0.250000 0.029825 -0.013550 41 3
0.350000 0.047775 -0.019050 41 4
0.450000 0.069275 -0.024550 41 5
0.050000 -0.000075 -0.003850 42 0
0.100000 -0.000975 -0.007750 42 1
0.150000 -0.002725 -0.011550 42 2
0.250000 -0.008725 -0.019250 42 3
0.350000 -0.018125 -0.027050 42 4
0.450000 -0.030875 -0.034850 42 5
0.050000 0.000125 0.002950 43 0
0.100000 -0.000575 0.005850 43 1
0.150000 -0.002125 0.008750 43 2
0.250000 -0.007725 0.014550 43 3
0.350000 -0.016675 0.020350 43 4
0.450000 -0.028975 0.026250 43 5
0.050000 -0.002375 -0.005250 44 0
0.100000 -0.003875 -0.010550 44 1
0.150000 -0.004575 -0.015750 44 2
0.250000 -0.003475 -0.026350 44 3
0.350000 0.000975 -0.036850 44 4
0.450000 0.008725 -0.047450 44 5
0.050000 -0.000625 0.000150 45 0
0.100000 -0.002075 0.000350 45 1
0.150000 -0.004325 0.000450 45 2
0.250000 -0.011425 0.000750 45 3
0.350000 -0.021875 0.001050 45 4
0.450000 -0.035775 0.001350 45 5
0.050000 -0.000025 0.005650 46 0
0.100000 -0.000875 0.011250 46 1
0.150000 -0.002525 0.016850 46 2
0.250000 -0.008375 0.028150 46 3
0.350000 -0.017625 0.039350 46 4
0.450000 -0.030225 0.050750 46 5
0.050000 0.004075 0.005050 47 0
0.100000 0.007375 0.010050 47 1
0.150000 0.009775 0.015050 47 2
0.250000 0.012125 0.025050 47 3
0.350000 0.011125 0.034950 47 4
0.450000 0.006775 0.044950 47 5
0.050000 0.004575 0.004850 48 0
0.100000 0.009975 0.009750 48 1
0.150000 0.016275 0.014650 48 2
0.250000 0.031375 0.024450 48 3
0.350000 0.049975 0.034350 48 4
0.450000 0.072075 0.044350 48 5
0.050000 -0.003525 0.002050 49 0
0.100000 -0.007925 0.004050 49 1
0.150000 -0.013175 0.006150 49 2
0.250000 -0.026175 0.010250 49 3
0.350000 -0.042675 0.014350 49 4
0.450000 -0.062625 0.018550 49 5
0.050000 -0.001225 -0.002750 50 0
0.100000 -0.003275 -0.005550 50 1
0.150000 -0.006175 -0.008250 50 2
0.250000 -0.014525 -0.013850 50 3
0.350000 -0.026225 -0.019350 50 4
0.450000 -0.041325 -0.024950 50 5
0.050000 0.000875 -0.007650 51 0
0.100000 0.002625 -0.015350 51 1
0.150000 0.005175 -0.023050 51 2
0.250000 0.012825 -0.038350 51 3
0.350000 0.023825 -0.053850 51 4
0.450000 0.038275 -0.069350 51 5
0.050000 -0.000175 0.003550 52 0
0.100000 -0.001175 0.007150 52 1
0.150000 -0.003025 0.010750 52 2
0.250000 -0.009225 0.017950 52 3
0.350000 -0.018775 0.025050 52 4
0.450000 -0.031725 0.032350 52 5
0.050000 -0.003375 0.003450 53 0
0.100000 -0.007625 0.006850 53 1
0.150000 -0.012675 0.010250 53 2
0.250000 -0.025375 0.017150 53 3
0.350000 -0.041525 0.024050 53 4
0.450000 -0.061175 0.030950 53 5
0.050000 -0.004575 -0.003050 54 0
0.100000 -0.008325 -0.006050 54 1
0.150000 -0.011175 -0.009050 54 2
0.250000 -0.014475 -0.015050 54 3
0.350000 -0.014425 -0.021050 54 4
0.450000 -0.011025 -0.027050 54 5
0.050000 0.000875 -0.007450 55 0
0.100000 0.000875 -0.014950 55 1
0.150000 0.000075 -0.022450 55 2
0.250000 -0.004025 -0.037350 55 3
0.350000 -0.011525 -0.052350 55 4
0.450000 -0.022375 -0.067450 55 5
0.050000 0.002875 0.005550 56 0
0.100000 0.004925 0.011150 56 1
0.150000 0.006175 0.016750 56 2
0.250000 0.006075 0.027950 56 3
0.350000 0.002675 0.039050 56 4
0.450000 -0.004075 0.050250 56 5
0.050000 -0.000125 -0.001750 57 0
0.100000 -0.001125 -0.003450 57 1
0.150000 -0.002925 -0.005150 57 2
0.250000 -0.009075 -0.008650 57 3
0.350000 -0.018575 -0.012150 57 4
0.450000 -0.031475 -0.015650 57 5
0.050000 -0.002375 0.009550 58 0
0.100000 -0.005575 0.019050 58 1
0.150000 -0.009625 0.028550 58 2
0.250000 -0.020225 0.047650 58 3
0.350000 -0.034275 0.066850 58 4
0.450000 -0.051775 0.086150 58 5
0.050000 0.001975 0.003450 59 0
0.100000 0.003125 0.006850 59 1
0.150000 0.003475 0.010350 59 2
0.250000 0.001625 0.017250 59 3
0.350000 -0.003575 0.024150 59 4
0.450000 -0.012175 0.031050 59 5
0.050000 -0.000075 0.001550 60 0
0.100000 0.000725 0.003050 60 1
0.150000 0.002325 0.004550 60 2
0.250000 0.008075 0.007550 60 3
0.350000 0.017175 0.010550 60 4
0.450000 0.029675 0.013550 60 5
0.050000 -0.000925 -0.004650 61 0
0.100000 -0.000975 -0.009350 61 1
0.150000 -0.000225 -0.014050 61 2
0.250000 0.003825 -0.023350 61 3
0.350000 0.011175 -0.032750 61 4
0.450000 0.021925 -0.042150 61 5
0.050000 0.000625 0.002050 62 0
0.100000 0.000425 0.004050 62 1
0.150000 -0.000625 0.006050 62 2
0.250000 -0.005175 0.010050 62 3
0.350000 -0.013125 0.014050 62 4
0.450000 -0.024425 0.018150 62 5
0.050000 0.002225 0.003650 63 0
0.100000 0.005275 0.007250 63 1
0.150000 0.009175 0.010950 63 2
0.250000 0.019475 0.018250 63 3
0.350000 0.033175 0.025550 63 4
0.450000 0.050375 0.032950 63 5
0.050000 -0.001975 0.008650 64 0
0.100000 -0.004775 0.017350 64 1
0.150000 -0.008425 0.026050 64 2
0.250000 -0.018225 0.043450 64 3
0.350000 -0.031425 0.060850 64 4
0.450000 -0.048075 0.078450 64 5
0.050000 -0.003425 0.001150 65 0
0.100000 -0.007725 0.002250 65 1
0.150000 -0.012875 0.003350 65 2
0.250000 -0.025675 0.005550 65 3
0.350000 -0.041925 0.007750 65 4
0.450000 -0.061675 0.010050 65 5
0.050000 0.005375 0.002350 66 0
0.100000 0.011575 0.004750 66 1
0.150000 0.018625 0.007150 66 2
0.250000 0.035325 0.011950 66 3
0.350000 0.055575 0.016750 66 4
0.450000 0.079375 0.021650 66 5
0.050000 0.001775 0.007550 67 0
0.100000 0.004425 0.015150 67 1
0.150000 0.007875 0.022750 67 2
0.250000 0.017325 0.038050 67 3
0.350000 0.030225 0.053350 67 4
0.450000 0.046525 0.068650 67 5
0.050000 -0.002925 0.003950 68 0
0.100000 -0.006725 0.007950 68 1
0.150000 -0.011375 0.011850 68 2
0.250000 -0.023175 0.019850 68 3
0.350000 -0.038375 0.027850 68 4
0.450000 -0.057125 0.035950 68 5
0.050000 -0.000225 -0.006550 69 0
0.100000 -0.001225 -0.013150 69 1
0.150000 -0.003125 -0.019650 69 2
0.250000 -0.009375 -0.032850 69 3
0.350000 -0.019025 -0.046050 69 4
0.450000 -0.032025 -0.059250 69 5
0.050000 -0.002425 0.000850 70 0
0.100000 -0.005675 0.001750 70 1
0.150000 -0.009775 0.002650 70 2
0.250000 -0.020475 0.004450 70 3
0.350000 -0.034625 0.006250 70 4
0.450000 -0.052225 0.007950 70 5
0.050000 0.004325 -0.005550 71 0
0.100000 0.009475 -0.011150 71 1
0.150000 0.015425 -0.016850 71 2
0.250000 0.030025 -0.028050 71 3
0.350000 0.048025 -0.039450 71 4
0.450000 0.069625 -0.050850 71 5
0.050000 0.001925 0.006550 72 0
0.100000 0.004675 0.013150 72 1
0.150000 0.008325 0.019750 72 2
0.250000 0.018025 0.032950 72 3
0.350000 0.031175 0.046250 72 4
0.450000 0.047775 0.059550 72 5
0.050000 -0.001225 -0.006550 73 0
0.100000 -0.003325 -0.013150 73 1
0.150000 -0.006225 -0.019750 73 2
0.250000 -0.014575 -0.032850 73 3
0.350000 -0.026275 -0.046050 73 4
0.450000 -0.041425 -0.059350 73 5
0.050000 -0.001325 0.008550 74 0
0.100000 -0.003475 0.017050 74 1
0.150000 -0.006475 0.025550 74 2
0.250000 -0.015025 0.042650 74 3
0.350000 -0.026925 0.059750 74 4
0.450000 -0.042275 0.076950 74 5
0.050000 0.001475 0.007050 75 0
0.100000 0.002125 0.014150 75 1
0.150000 0.001975 0.021250 75 2
0.250000 -0.000925 0.035450 75 3
0.350000 -0.007125 0.049650 75 4
0.450000 -0.016675 0.063950 75 5
0.050000 -0.001875 -0.001350 76 0
0.100000 -0.004575 -0.002650 76 1
0.150000 -0.008125 -0.003950 76 2
0.250000 -0.017725 -0.006550 76 3
0.350000 -0.030725 -0.009150 76 4
0.450000 -0.047175 -0.011750 76 5
0.050000 0.001425 -0.002450 77 0
0.100000 0.001975 -0.004850 77 1
0.150000 0.001725 -0.007250 77 2
0.250000 -0.001275 -0.012050 77 3
0.350000 -0.007625 -0.016850 77 4
0.450000 -0.017375 -0.021650 77 5
0.050000 0.003325 -0.004150 78 0
0.100000 0.005825 -0.008350 78 1
0.150000 0.007425 -0.012550 78 2
0.250000 0.008225 -0.020850 78 3
0.350000 0.005675 -0.029150 78 4
0.450000 -0.000175 -0.037550 78 5
0.050000 -0.002075 -0.004750 79 0
0.100000 -0.004975 -0.009450 79 1
0.150000 -0.008725 -0.014150 79 2
0.250000 -0.018725 -0.023550 79 3
0.350000 -0.032125 -0.033050 79 4
0.450000 -0.048975 -0.042650 79 5
0.050000 -0.001175 0.007550 80 0
0.100000 -0.001525 0.015050 80 1
0.150000 -0.001075 0.022550 80 2
0.250000 0.002375 0.037550 80 3
0.350000 0.009175 0.052650 80 4
0.450000 0.019375 0.067750 80 5
0.050000 -0.000875 0.007250 81 0
0.100000 -0.000875 0.014450 81 1
0.150000 -0.000075 0.021650 81 2
0.250000 0.004025 0.036150 81 3
0.350000 0.011475 0.050650 81 4
0.450000 0.022325 0.065250 81 5
0.050000 0.000225 -0.003750 82 0
0.100000 0.001225 -0.007550 82 1
0.150000 0.003125 -0.011350 82 2
0.250000 0.009375 -0.019050 82 3
0.350000 0.019025 -0.026650 82 4
0.450000 0.032025 -0.034350 82 5
0.050000 -0.004325 -0.006050 83 0
0.100000 -0.007775 -0.012050 83 1
0.150000 -0.010375 -0.018050 83 2
0.250000 -0.013125 -0.030050 83 3
0.350000 -0.012525 -0.042050 83 4
0.450000 -0.008625 -0.054050 83 5
0.050000 -0.002275 -0.007950 84 0
0.100000 -0.005375 -0.015950 84 1
0.150000 -0.009375 -0.023950 84 2
0.250000 -0.019775 -0.039950 84 3
0.350000 -0.033625 -0.056050 84 4
0.450000 -0.050975 -0.072250 84 5
0.050000 -0.004325 0.000250 85 0
0.100000 -0.009525 0.000550 85 1
0.150000 -0.015575 0.000750 85 2
0.250000 -0.030175 0.001350 85 3
0.350000 -0.048275 0.001850 85 4
0.450000 -0.069925 0.002350 85 5
0.050000 0.004375 -0.002550 86 0
0.100000 0.007925 -0.005150 86 1
0.150000 0.010625 -0.007650 86 2
0.250000 0.013525 -0.012750 86 3
0.350000 0.013075 -0.017850 86 4
0.450000 0.009275 -0.022950 86 5
0.050000 0.003075 -0.002750 87 0
0.100000 0.005325 -0.005550 87 1
0.150000 0.006775 -0.008250 87 2
0.250000 0.007125 -0.013750 87 3
0.350000 0.004125 -0.019250 87 4
0.450000 -0.002225 -0.024750 87 5
0.050000 0.000225 -0.002950 88 0
0.100000 0.001225 -0.005950 88 1
0.150000 0.003125 -0.008950 88 2
0.250000 0.009375 -0.014850 88 3
0.350000 0.018975 -0.020850 88 4
0.450000 0.032025 -0.026850 88 5
0.050000 -0.002075 0.005750 89 0
0.100000 -0.004975 0.011550 89 1
0.150000 -0.008725 0.017350 89 2
0.250000 -0.018775 0.028850 89 3
0.350000 -0.032225 0.040550 89 4
0.450000 -0.049125 0.052150 89 5
0.050000 0.003275 -0.004050 90 0
0.100000 0.007425 -0.008050 90 1
0.150000 0.012425 -0.012150 90 2
0.250000 0.024925 -0.020250 90 3
0.350000 0.040875 -0.028450 90 4
0.450000 0.060325 -0.036650 90 5
0.050000 -0.000125 -0.002050 91 0
0.100000 -0.001075 -0.004150 91 1
0.150000 -0.002875 -0.006150 91 2
0.250000 -0.008925 -0.010350 91 3
0.350000 -0.018375 -0.014450 91 4
0.450000 -0.031225 -0.018650 91 5
0.050000 -0.000275 -0.009550 92 0
0.100000 -0.001325 -0.019150 92 1
0.150000 -0.003275 -0.028750 92 2
0.250000 -0.009625 -0.047850 92 3
0.350000 -0.019325 -0.067150 92 4
0.450000 -0.032425 -0.086450 92 5
0.050000 0.002575 0.004150 93 0
0.100000 0.004275 0.008350 93 1
0.150000 0.005175 0.012550 93 2
0.250000 0.004425 0.020950 93 3
0.350000 0.000375 0.029250 93 4
0.450000 -0.007075 0.037650 93 5
0.050000 -0.000975 0.003450 94 0
0.100000 -0.002825 0.006950 94 1
0.150000 -0.005475 0.010350 94 2
0.250000 -0.013325 0.017350 94 3
0.350000 -0.024525 0.024350 94 4
0.450000 -0.039175 0.031350 94 5
0.050000 0.001425 -0.000450 95 0
0.100000 0.003725 -0.000950 95 1
0.150000 0.006825 -0.001450 95 2
0.250000 0.015575 -0.002450 95 3
0.350000 0.027725 -0.003450 95 4
0.450000 0.043325 -0.004450 95 5
0.050000 -0.002125 0.004550 96 0
0.100000 -0.005125 0.009050 96 1
0.150000 -0.008925 0.013550 96 2
0.250000 -0.019125 0.022550 96 3
0.350000 -0.032675 0.031650 96 4
0.450000 -0.049725 0.040750 96 5
0.050000 -0.002925 -0.000750 97 0
0.100000 -0.006675 -0.001450 97 1
0.150000 -0.011225 -0.002150 97 2
0.250000 -0.022975 -0.003650 97 3
0.350000 -0.038125 -0.005150 97 4
0.450000 -0.056725 -0.006550 97 5
0.050000 -0.003375 0.002250 98 0
0.100000 -0.005875 0.004550 98 1
0.150000 -0.007575 0.006850 98 2
0.250000 -0.008425 0.011450 98 3
0.350000 -0.005975 0.016050 98 4
0.450000 -0.000175 0.020650 98 5
0.050000 0.000375 0.008750 99 0
0.100000 -0.000125 0.017450 99 1
0.150000 -0.001425 0.026150 99 2
0.250000 -0.006575 0.043550 99 3
0.350000 -0.015075 0.061050 99 4
0.450000 -0.026975 0.078650 99 5
0.050000 -0.002175 0.000950 100 0
0.100000 -0.003525 0.001850 100 1
0.150000 -0.003975 0.002850 100 2
0.250000 -0.002475 0.004750 100 3
0.350000 0.002325 0.006650 100 4
0.450000 0.010525 0.008550 100 5
0.050000 -0.001775 0.007050 101 0
0.100000 -0.004375 0.014150 101 1
0.150000 -0.007825 0.021250 101 2
0.250000 -0.017225 0.035350 101 3
0.350000 -0.029975 0.049650 101 4
0.450000 -0.046225 0.063950 101 5
0.050000 0.001625 0.000250 102 0
0.100000 0.004025 0.000550 102 1
0.150000 0.007325 0.000750 102 2
0.250000 0.016375 0.001350 102 3
0.350000 0.028875 0.001850 102 4
0.450000 0.044775 0.002350 102 5
0.050000 -0.004475 0.008850 103 0
0.100000 -0.009775 0.017750 103 1
0.150000 -0.015925 0.026650 103 2
0.250000 -0.030825 0.044550 103 3
0.350000 -0.049225 0.062550 103 4
0.450000 -0.071125 0.080650 103 5
0.050000 0.004375 -0.003950 104 0
0.100000 0.007925 -0.007850 104 1
0.150000 0.010625 -0.011750 104 2
0.250000 0.013575 -0.019550 104 3
0.350000 0.013125 -0.027350 104 4
0.450000 0.009375 -0.035150 104 5
0.050000 -0.002875 -0.002950 105 0
0.100000 -0.004925 -0.005950 105 1
0.150000 -0.006125 -0.008850 105 2
0.250000 -0.006025 -0.014750 105 3
0.350000 -0.002575 -0.020650 105 4
0.450000 0.004225 -0.026550 105 5
0.050000 0.004025 0.006650 106 0
0.100000 0.007175 0.013250 106 1
0.150000 0.009525 0.019850 106 2
0.250000 0.011725 0.033050 106 3
0.350000 0.010575 0.046250 106 4
0.450000 0.006075 0.059550 106 5
0.050000 0.002025 0.000750 107 0
0.100000 0.004825 0.001450 107 1
0.150000 0.008525 0.002150 107 2
0.250000 0.018375 0.003650 107 3
0.350000 0.031675 0.005150 107 4
0.450000 0.048425 0.006650 107 5
0.050000 0.004825 0.006550 108 0
0.100000 0.010525 0.013050 108 1
0.150000 0.017075 0.019550 108 2
0.250000 0.032775 0.032750 108 3
0.350000 0.051925 0.045950 108 4
0.450000 0.074675 0.059250 108 5
0.050000 -0.000375 0.007850 109 0
0.100000 0.000125 0.015650 109 1
0.150000 0.001425 0.023550 109 2
0.250000 0.006525 0.039250 109 3
0.350000 0.014975 0.054950 109 4
0.450000 0.026825 0.070750 109 5
0.050000 0.003875 -0.000050 110 0
0.100000 0.008575 -0.000050 110 1
0.150000 0.014175 -0.000050 110 2
0.250000 0.027875 -0.000150 110 3
0.350000 0.045025 -0.000250 110 4
0.450000 0.065675 -0.000250 110 5
0.050000 0.004175 -0.008350 111 0
0.100000 0.007475 -0.016550 111 1
0.150000 0.009975 -0.024850 111 2
0.250000 0.012425 -0.041450 111 3
0.350000 0.011525 -0.057950 111 4
0.450000 0.007325 -0.074550 111 5
0.050000 -0.005125 0.008850 112 0
0.100000 -0.011075 0.017750 112 1
0.150000 -0.017925 0.026650 112 2
0.250000 -0.034125 0.044550 112 3
0.350000 -0.053875 0.062550 112 4
0.450000 -0.077175 0.080650 112 5
0.050000 -0.004625 0.002950 113 0
0.100000 -0.010075 0.005850 113 1
0.150000 -0.016375 0.008750 113 2
0.250000 -0.031575 0.014550 113 3
0.350000 -0.050225 0.020450 113 4
0.450000 -0.072425 0.026350 113 5
0.050000 0.002875 0.000250 114 0
0.100000 0.004925 0.000450 114 1
0.150000 0.006175 0.000650 114 2
0.250000 0.006075 0.001050 114 3
0.350000 0.002675 0.001550 114 4
0.450000 -0.004075 0.001950 114 5
0.050000 -0.004425 -0.008650 115 0
0.100000 -0.009675 -0.017350 115 1
0.150000 -0.015775 -0.026050 115 2
0.250000 -0.030575 -0.043550 115 3
0.350000 -0.048875 -0.061150 115 4
0.450000 -0.070675 -0.078850 115 5
0.050000 0.000675 -0.007750 116 0
0.100000 0.000475 -0.015550 116 1
0.150000 -0.000525 -0.023250 116 2
0.250000 -0.005075 -0.038850 116 3
0.350000 -0.012925 -0.054350 116 4
0.450000 -0.024175 -0.070050 116 5
0.050000 0.002625 0.002350 117 0
0.100000 0.004475 0.004750 117 1
0.150000 0.005425 0.007050 117 2
0.250000 0.004875 0.011750 117 3
0.350000 0.000975 0.016450 117 4
0.450000 -0.006275 0.021150 117 5
0.050000 0.002125 0.004850 118 0
0.100000 0.003375 0.009750 118 1
0.150000 0.003825 0.014650 118 2
0.250000 0.002225 0.024450 118 3
0.350000 -0.002725 0.034250 118 4
0.450000 -0.011025 0.044150 118 5
0.050000 0.000225 0.000650 119 0
0.100000 -0.000325 0.001250 119 1
0.150000 -0.001775 0.001850 119 2
0.250000 -0.007125 0.003050 119 3
0.350000 -0.015825 0.004250 119 4
0.450000 -0.027925 0.005550 119 5
0.050000 -0.002575 -0.007550 120 0
0.100000 -0.004275 -0.015050 120 1
0.150000 -0.005175 -0.022650 120 2
0.250000 -0.004475 -0.037650 120 3
0.350000 -0.000425 -0.052750 120 4
0.450000 0.006975 -0.067850 120 5
0.050000 -0.001975 0.001750 121 0
0.100000 -0.004775 0.003450 121 1
0.150000 -0.008425 0.005250 121 2
0.250000 -0.018225 0.008650 121 3
0.350000 -0.031425 0.012150 121 4
0.450000 -0.048075 0.015750 121 5
0.050000 0.002925 0.006150 122 0
0.100000 0.006725 0.012250 122 1
0.150000 0.011375 0.018450 122 2
0.250000 0.023175 0.030750 122 3
0.350000 0.038375 0.043150 122 4
0.450000 0.057075 0.055650 122 5
0.050000 -0.002275 -0.009350 123 0
0.100000 -0.003725 -0.018750 123 1
0.150000 -0.004325 -0.028150 123 2
0.250000 -0.003025 -0.046850 123 3
0.350000 0.001625 -0.065650 123 4
0.450000 0.009625 -0.084450 123 5
0.050000 0.004625 0.004250 124 0
0.100000 0.010075 0.008650 124 1
0.150000 0.016425 0.012950 124 2
0.250000 0.031625 0.021550 124 3
0.350000 0.050325 0.030250 124 4
0.450000 0.072575 0.039050 124 5
0.050000 0.003775 0.009450 125 0
0.100000 0.006725 0.018850 125 1
0.150000 0.008875 0.028150 125 2
0.250000 0.010625 0.046950 125 3
0.350000 0.008975 0.065750 125 4
0.450000 0.004075 0.084550 125 5
0.050000 -0.002975 0.003150 126 0
0.100000 -0.005125 0.006350 126 1
0.150000 -0.006425 0.009550 126 2
0.250000 -0.006525 0.015850 126 3
0.350000 -0.003275 0.022250 126 4
0.450000 0.003275 0.028550 126 5
0.050000 0.000425 -0.003650 127 0
0.100000 0.001675 -0.007350 127 1
0.150000 0.003775 -0.011050 127 2
0.250000 0.010475 -0.018450 127 3
0.350000 0.020525 -0.025850 127 4
0.450000 0.033975 -0.033250 127 5
0.050000 0.002225 -0.002150 128 0
0.100000 0.005225 -0.004250 128 1
0.150000 0.009125 -0.006450 128 2
0.250000 0.019425 -0.010750 128 3
0.350000 0.033125 -0.015150 128 4
0.450000 0.050275 -0.019450 128 5
0.050000 -0.001275 0.004050 129 0
0.100000 -0.003375 0.008150 129 1
0.150000 -0.006325 0.012250 129 2
0.250000 -0.014725 0.020450 129 3
0.350000 -0.026525 0.028650 129 4
0.450000 -0.041775 0.036950 129 5
7
0.050000 -0.003575 -0.006050 0 0
0.100000 -0.007975 -0.012050 0 1
0.150000 -0.013175 -0.018050 0 2
0.250000 -0.026225 -0.030150 0 3
0.350000 -0.042725 -0.042350 0 4
0.450000 -0.062675 -0.054550 0 5
0.050000 0.002075 0.007450 1 0
0.100000 0.004925 0.014950 1 1
0.150000 0.008675 0.022450 1 2
0.250000 0.018625 0.037550 1 3
0.350000 0.032025 0.052650 1 4
0.450000 0.048875 0.067850 1 5
0.050000 -0.000925 -0.003150 2 0
0.100000 -0.001025 -0.006350 2 1
0.150000 -0.000275 -0.009450 2 2
0.250000 0.003675 -0.015750 2 3
0.350000 0.011025 -0.022050 2 4
0.450000 0.021725 -0.028450 2 5
0.050000 -0.004325 0.005650 3 0
0.100000 -0.007825 0.011350 3 1
0.150000 -0.010425 0.016950 3 2
0.250000 -0.013225 0.028250 3 3
0.350000 -0.012675 0.039450 3 4
0.450000 -0.008775 0.050750 3 5
0.050000 -0.002375 0.007050 4 0
0.100000 -0.005525 0.014150 4 1
0.150000 -0.009575 0.021250 4 2
0.250000 -0.020175 0.035450 4 3
0.350000 -0.034175 0.049750 4 4
0.450000 -0.051675 0.064150 4 5
0.050000 -0.002675 0.004850 5 0
0.100000 -0.006225 0.009650 5 1
0.150000 -0.010625 0.014450 5 2
0.250000 -0.021925 0.024150 5 3
0.350000 -0.036625 0.033850 5 4
0.450000 -0.054825 0.043650 5 5
0.050000 0.003075 0.000750 6 0
0.100000 0.007025 0.001450 6 1
0.150000 0.011775 0.002250 6 2
0.250000 0.023875 0.003650 6 3
0.350000 0.039425 0.005150 6 4
0.450000 0.058425 0.006650 6 5
0.050000 -0.000475 -0.006050 7 0
0.100000 -0.000075 -0.012150 7 1
0.150000 0.001125 -0.018250 7 2
0.250000 0.006025 -0.030450 7 3
0.350000 0.014325 -0.042650 7 4
0.450000 0.025975 -0.054950 7 5
0.050000 -0.004075 -0.009150 8 0
0.100000 -0.007325 -0.018250 8 1
0.150000 -0.009775 -0.027450 8 2
0.250000 -0.012075 -0.045650 8 3
0.350000 -0.011075 -0.063950 8 4
0.450000 -0.006725 -0.082250 8 5
0.050000 0.003975 -0.007150 9 0
0.100000 0.007125 -0.014250 9 1
0.150000 0.009425 -0.021250 9 2
0.250000 0.011525 -0.035450 9 3
0.350000 0.010275 -0.049650 9 4
0.450000 0.005675 -0.063850 9 5
0.050000 -0.002325 0.009050 10 0
0.100000 -0.005475 0.018150 10 1
0.150000 -0.009425 0.027250 10 2
0.250000 -0.019975 0.045450 10 3
0.350000 -0.033875 0.063750 10 4
0.450000 -0.051225 0.082150 10 5
0.050000 0.001875 -0.009150 11 0
0.100000 0.002925 -0.018150 11 1
0.150000 0.003125 -0.027250 11 2
0.250000 0.001025 -0.045450 11 3
0.350000 -0.004425 -0.063750 11 4
0.450000 -0.013175 -0.081950 11 5
0.050000 0.004375 0.004950 12 0
0.100000 0.009575 0.009850 12 1
0.150000 0.015625 0.014750 12 2
0.250000 0.030275 0.024750 12 3
0.350000 0.048425 0.034650 12 4
0.450000 0.070075 0.044750 12 5
0.050000 0.005425 -0.000850 13 0
0.100000 0.011725 -0.001650 13 1
0.150000 0.018825 -0.002450 13 2
0.250000 0.035675 -0.004050 13 3
0.350000 0.056075 -0.005750 13 4
0.450000 0.080025 -0.007350 13 5
0.050000 0.001825 0.004750 14 0
0.100000 0.004525 0.009550 14 1
0.150000 0.008025 0.014450 14 2
0.250000 0.017625 0.024050 14 3
0.350000 0.030575 0.033750 14 4
0.450000 0.046975 0.043450 14 5
0.050000 -0.004675 0.007550 15 0
0.100000 -0.010175 0.015050 15 1
0.150000 -0.016575 0.022650 15 2
0.250000 -0.031875 0.037750 15 3
0.350000 -0.050725 0.053050 15 4
0.450000 -0.073075 0.068450 15 5
0.050000 0.000775 -0.003050 16 0
0.100000 0.002325 -0.006150 16 1
0.150000 0.004775 -0.009150 16 2
0.250000 0.012125 -0.015350 16 3
0.350000 0.022875 -0.021450 16 4
0.450000 0.037025 -0.027650 16 5
0.050000 -0.002775 0.007950 17 0
0.100000 -0.006425 0.015950 17 1
0.150000 -0.010875 0.023850 17 2
0.250000 -0.022375 0.039850 17 3
0.350000 -0.037275 0.055950 17 4
0.450000 -0.055675 0.072050 17 5
0.050000 0.000825 -0.004250 18 0
0.100000 0.000825 -0.008450 18 1
0.150000 -0.000025 -0.012750 18 2
0.250000 -0.004175 -0.021250 18 3
0.350000 -0.011725 -0.029750 18 4
0.450000 -0.022625 -0.038250 18 5
0.050000 -0.000975 -0.004550 19 0
0.100000 -0.001125 -0.009050 19 1
0.150000 -0.000425 -0.013550 19 2
0.250000 0.003525 -0.022650 19 3
0.350000 0.010775 -0.031650 19 4
0.450000 0.021375 -0.040750 19 5
0.050000 -0.002425 -0.009650 20 0
0.100000 -0.004025 -0.019250 20 1
0.150000 -0.004825 -0.028850 20 2
0.250000 -0.003875 -0.048150 20 3
0.350000 0.000425 -0.067350 20 4
0.450000 0.008075 -0.086650 20 5
0.050000 0.002275 0.000050 21 0
0.100000 0.005375 0.000050 21 1
0.150000 0.009375 0.000150 21 2
0.250000 0.019825 0.000250 21 3
0.350000 0.033675 0.000250 21 4
0.450000 0.050975 0.000350 21 5
0.050000 0.003875 -0.005050 22 0
0.100000 0.006925 -0.010050 22 1
0.150000 0.009125 -0.015050 22 2
0.250000 0.011025 -0.025050 22 3
0.350000 0.009625 -0.035050 22 4
0.450000 0.004825 -0.045050 22 5
0.050000 0.004225 0.001950 23 0
0.100000 0.007625 0.003950 23 1
0.150000 0.010175 0.005850 23 2
0.250000 0.012775 0.009750 23 3
0.350000 0.012025 0.013650 23 4
0.450000 0.007925 0.017550 23 5
0.050000 -0.003175 0.008450 24 0
0.100000 -0.005575 0.016850 24 1
0.150000 -0.007075 0.025150 24 2
0.250000 -0.007625 0.041950 24 3
0.350000 -0.004875 0.058750 24 4
0.450000 0.001275 0.075550 24 5
0.050000 0.000975 -0.009650 25 0
0.100000 0.002775 -0.019250 25 1
0.150000 0.005375 -0.028850 25 2
0.250000 0.013175 -0.048150 25 3
0.350000 0.024325 -0.067550 25 4
0.450000 0.038875 -0.087050 25 5
0.050000 -0.003075 -0.008450 26 0
0.100000 -0.007025 -0.016850 26 1
0.150000 -0.011825 -0.025350 26 2
0.250000 -0.023875 -0.042350 26 3
0.350000 -0.039425 -0.059350 26 4
0.450000 -0.058425 -0.076550 26 5
0.050000 0.000775 0.005250 27 0
0.100000 0.002375 0.010550 27 1
0.150000 0.004825 0.015750 27 2
0.250000 0.012275 0.026350 27 3
0.350000 0.023075 0.036950 27 4
0.450000 0.037275 0.047550 27 5
0.050000 -0.004125 0.006450 28 0
0.100000 -0.007425 0.012950 28 1
0.150000 -0.009875 0.019350 28 2
0.250000 -0.012275 0.032250 28 3
0.350000 -0.011325 0.045150 28 4
0.450000 -0.007025 0.057950 28 5
0.050000 -0.000625 -0.005350 29 0
0.100000 -0.002075 -0.010650 29 1
0.150000 -0.004325 -0.015950 29 2
0.250000 -0.011425 -0.026550 29 3
0.350000 -0.021825 -0.037250 29 4
0.450000 -0.035725 -0.047950 29 5
0.050000 -0.005275 -0.010250 30 0
0.100000 -0.011425 -0.020450 30 1
0.150000 -0.018375 -0.030650 30 2
0.250000 -0.034925 -0.051250 30 3
0.350000 -0.054975 -0.071950 30 4
0.450000 -0.078625 -0.092850 30 5
0.050000 -0.000875 0.008350 31 0
0.100000 -0.002625 0.016850 31 1
0.150000 -0.005175 0.025250 31 2
0.250000 -0.012775 0.042050 31 3
0.350000 -0.023825 0.058950 31 4
0.450000 -0.038225 0.075950 31 5
0.050000 0.002075 0.003250 32 0
0.100000 0.003275 0.006550 32 1
0.150000 0.003675 0.009850 32 2
0.250000 0.001925 0.016350 32 3
0.350000 -0.003175 0.022950 32 4
0.450000 -0.011575 0.029550 32 5
0.050000 0.001275 0.008550 33 0
0.100000 0.001675 0.017150 33 1
0.150000 0.001275 0.025750 33 2
0.250000 -0.002025 0.042950 33 3
0.350000 -0.008675 0.060250 33 4
0.450000 -0.018725 0.077450 33 5
0.050000 -0.004025 0.010050 34 0
0.100000 -0.007225 0.020150 34 1
0.150000 -0.009575 0.030150 34 2
0.250000 -0.011825 0.050250 34 3
0.350000 -0.010675 0.070350 34 4
0.450000 -0.006225 0.090350 34 5
0.050000 0.000725 0.006750 35 0
0.100000 0.000625 0.013450 35 1
0.150000 -0.000325 0.020150 35 2
0.250000 -0.004725 0.033650 35 3
0.350000 -0.012425 0.047050 35 4
0.450000 -0.023575 0.060650 35 5
0.050000 0.004075 -0.000350 36 0
0.100000 0.008975 -0.000750 36 1
0.150000 0.014725 -0.001150 36 2
0.250000 0.028825 -0.001950 36 3
0.350000 0.046375 -0.002750 36 4
0.450000 0.067475 -0.003550 36 5
0.050000 -0.003725 -0.005350 37 0
0.100000 -0.008325 -0.010750 37 1
0.150000 -0.013725 -0.016150 37 2
0.250000 -0.027125 -0.026950 37 3
0.350000 -0.043975 -0.037850 37 4
0.450000 -0.064325 -0.048850 37 5
0.050000 -0.004025 0.001450 38 0
0.100000 -0.008875 0.002850 38 1
0.150000 -0.014625 0.004250 38 2
0.250000 -0.028625 0.007050 38 3
0.350000 -0.046075 0.009850 38 4
0.450000 -0.067075 0.012750 38 5
0.050000 0.002275 0.002250 39 0
0.100000 0.003725 0.004550 39 1
0.150000 0.004325 0.006850 39 2
0.250000 0.003025 0.011350 39 3
0.350000 -0.001625 0.015950 39 4
0.450000 -0.009625 0.020550 39 5
0.050000 0.002275 -0.004950 40 0
0.100000 0.003725 -0.009850 40 1
0.150000 0.004325 -0.014850 40 2
0.250000 0.003075 -0.024650 40 3
0.350000 -0.001575 -0.034550 40 4
0.450000 -0.009525 -0.044450 40 5
0.050000 0.004725 0.001750 41 0
0.100000 0.010275 0.003450 41 1
0.150000 0.016675 0.005150 41 2
0.250000 0.032075 0.008650 41 3
0.350000 0.050925 0.012150 41 4
0.450000 0.073325 0.015650 41 5
0.050000 0.002325 0.007550 42 0
0.100000 0.005475 0.015150 42 1
0.150000 0.009425 0.022750 42 2
0.250000 0.019975 0.038050 42 3
0.350000 0.033875 0.053350 42 4
0.450000 0.051225 0.068750 42 5
0.050000 -0.001875 0.002850 43 0
0.100000 -0.004575 0.005650 43 1
0.150000 -0.008125 0.008550 43 2
0.250000 -0.017725 0.014250 43 3
0.350000 -0.030775 0.019950 43 4
0.450000 -0.047225 0.025650 43 5
0.050000 -0.004225 0.009850 44 0
0.100000 -0.007575 0.019750 44 1
0.150000 -0.010125 0.029650 44 2
0.250000 -0.012675 0.049350 44 3
0.350000 -0.011925 0.069050 44 4
0.450000 -0.007825 0.088850 44 5
0.050000 0.000575 0.002550 45 0
0.100000 0.000275 0.005150 45 1
0.150000 -0.000825 0.007750 45 2
0.250000 -0.005525 0.012850 45 3
0.350000 -0.013575 0.018050 45 4
0.450000 -0.025025 0.023150 45 5
0.050000 -0.001075 -0.008850 46 0
0.100000 -0.001325 -0.017750 46 1
0.150000 -0.000725 -0.026550 46 2
0.250000 0.002925 -0.044350 46 3
0.350000 0.009975 -0.062150 46 4
0.450000 0.020325 -0.079950 46 5
0.050000 0.002125 0.008350 47 0
0.100000 0.003425 0.016750 47 1
0.150000 0.003925 0.025150 47 2
0.250000 0.002375 0.041850 47 3
0.350000 -0.002525 0.058650 47 4
0.450000 -0.010775 0.075450 47 5
0.050000 -0.000725 -0.008550 48 0
0.100000 -0.000625 -0.017050 48 1
0.150000 0.000325 -0.025550 48 2
0.250000 0.004725 -0.042550 48 3
0.350000 0.012475 -0.059650 48 4
0.450000 0.023625 -0.076750 48 5
0.050000 -0.004025 0.001050 49 0
0.100000 -0.007225 0.002050 49 1
0.150000 -0.009575 0.003050 49 2
0.250000 -0.011825 0.005050 49 3
0.350000 -0.010725 0.007050 49 4
0.450000 -0.006225 0.009150 49 5
0.050000 0.004525 -0.000950 50 0
0.100000 0.008275 -0.001850 50 1
0.150000 0.011125 -0.002750 50 2
0.250000 0.014375 -0.004550 50 3
0.350000 0.014225 -0.006350 50 4
0.450000 0.010825 -0.008150 50 5
0.050000 0.004575 -0.005050 51 0
0.100000 0.010025 -0.010150 51 1
0.150000 0.016275 -0.015150 51 2
0.250000 0.031375 -0.025350 51 3
0.350000 0.050025 -0.035650 51 4
0.450000 0.072125 -0.045950 51 5
0.050000 -0.002675 -0.007750 52 0
0.100000 -0.006175 -0.015550 52 1
0.150000 -0.010525 -0.023350 52 2
0.250000 -0.021725 -0.038950 52 3
0.350000 -0.036375 -0.054650 52 4
0.450000 -0.054525 -0.070450 52 5
0.050000 0.005075 -0.010050 53 0
0.100000 0.010975 -0.020150 53 1
0.150000 0.017725 -0.030350 53 2
0.250000 0.033875 -0.050650 53 3
0.350000 0.053475 -0.071150 53 4
0.450000 0.076675 -0.091750 53 5
0.050000 -0.000925 0.007050 54 0
0.100000 -0.001025 0.014150 54 1
0.150000 -0.000275 0.021250 54 2
0.250000 0.003675 0.035350 54 3
0.350000 0.011025 0.049550 54 4
0.450000 0.021725 0.063850 54 5
0.050000 -0.003625 0.001850 55 0
0.100000 -0.006475 0.003750 55 1
0.150000 -0.008425 0.005550 55 2
0.250000 -0.009875 0.009350 55 3
0.350000 -0.007975 0.013050 55 4
0.450000 -0.002725 0.016750 55 5
0.050000 0.000725 -0.000650 56 0
0.100000 0.002225 -0.001350 56 1
0.150000 0.004625 -0.002050 56 2
0.250000 0.011875 -0.003350 56 3
0.350000 0.022525 -0.004750 56 4
0.450000 0.036575 -0.006050 56 5
0.050000 0.001025 0.008550 57 0
0.100000 0.002875 0.017050 57 1
0.150000 0.005575 0.025550 57 2
0.250000 0.013475 0.042650 57 3
0.350000 0.024775 0.059850 57 4
0.450000 0.039525 0.077050 57 5
0.050000 -0.001475 0.006350 58 0
0.100000 -0.002075 0.012650 58 1
0.150000 -0.001875 0.018950 58 2
0.250000 0.001075 0.031550 58 3
0.350000 0.007325 0.044150 58 4
0.450000 0.016975 0.056850 58 5
0.050000 -0.002275 0.003350 59 0
0.100000 -0.003675 0.006750 59 1
0.150000 -0.004275 0.010050 59 2
0.250000 -0.002975 0.016750 59 3
0.350000 0.001675 0.023550 59 4
0.450000 0.009675 0.030250 59 5
0.050000 0.004475 -0.006650 60 0
0.100000 0.008075 -0.013250 60 1
0.150000 0.010875 -0.019950 60 2
0.250000 0.013925 -0.033150 60 3
0.350000 0.013675 -0.046450 60 4
0.450000 0.010075 -0.059650 60 5
0.050000 -0.003975 -0.008750 61 0
0.100000 -0.008825 -0.017550 61 1
0.150000 -0.014475 -0.026450 61 2
0.250000 -0.028375 -0.044050 61 3
0.350000 -0.045775 -0.061850 61 4
0.450000 -0.066625 -0.079750 61 5
0.050000 -0.004475 -0.003350 62 0
0.100000 -0.008075 -0.006650 62 1
0.150000 -0.010875 -0.010050 62 2
0.250000 -0.013925 -0.016650 62 3
0.350000 -0.013625 -0.023350 62 4
0.450000 -0.010025 -0.030050 62 5
0.050000 -0.003425 -0.000250 63 0
0.100000 -0.005975 -0.000450 63 1
0.150000 -0.007725 -0.000750 63 2
0.250000 -0.008725 -0.001150 63 3
0.350000 -0.006375 -0.001650 63 4
0.450000 -0.000675 -0.002150 63 5
0.050000 0.001175 -0.007150 64 0
0.100000 0.001575 -0.014350 64 1
0.150000 0.001075 -0.021450 64 2
0.250000 -0.002375 -0.035850 64 3
0.350000 -0.009125 -0.050150 64 4
0.450000 -0.019325 -0.064550 64 5
0.050000 -0.004375 -0.007050 65 0
0.100000 -0.007925 -0.014050 65 1
0.150000 -0.010575 -0.021050 65 2
0.250000 -0.013475 -0.034950 65 3
0.350000 -0.013025 -0.048950 65 4
0.450000 -0.009225 -0.062950 65 5
0.050000 -0.003475 -0.006850 66 0
0.100000 -0.007775 -0.013750 66 1
0.150000 -0.012975 -0.020550 66 2
0.250000 -0.025825 -0.034350 66 3
0.350000 -0.042175 -0.048150 66 4
0.450000 -0.061975 -0.062150 66 5
0.050000 -0.000275 -0.000550 67 0
0.100000 -0.001425 -0.001050 67 1
0.150000 -0.003375 -0.001650 67 2
0.250000 -0.009825 -0.002750 67 3
0.350000 -0.019625 -0.003850 67 4
0.450000 -0.032825 -0.004950 67 5
0.050000 0.003825 0.005850 68 0
0.100000 0.006875 0.011750 68 1
0.150000 0.009025 0.017550 68 2
0.250000 0.010875 0.029250 68 3
0.350000 0.009375 0.040950 68 4
0.450000 0.004525 0.052550 68 5
0.050000 -0.002575 0.006750 69 0
0.100000 -0.004325 0.013450 69 1
0.150000 -0.005275 0.020150 69 2
0.250000 -0.004625 0.033550 69 3
0.350000 -0.000625 0.047050 69 4
0.450000 0.006725 0.060450 69 5
0.050000 -0.004525 -0.001350 70 0
0.100000 -0.009925 -0.002650 70 1
0.150000 -0.016175 -0.003950 70 2
0.250000 -0.031225 -0.006550 70 3
0.350000 -0.049775 -0.009250 70 4
0.450000 -0.071825 -0.011950 70 5
0.050000 0.002775 -0.002450 71 0
0.100000 0.004675 -0.004950 71 1
0.150000 0.005775 -0.007350 71 2
0.250000 0.005475 -0.012350 71 3
0.350000 0.001825 -0.017250 71 4
0.450000 -0.005175 -0.022150 71 5
0.050000 0.002525 0.008550 72 0
0.100000 0.005875 0.017050 72 1
0.150000 0.010075 0.025650 72 2
0.250000 0.020975 0.042750 72 3
0.350000 0.035325 0.059950 72 4
0.450000 0.053125 0.077250 72 5
0.050000 0.000975 -0.005150 73 0
0.100000 0.001125 -0.010250 73 1
0.150000 0.000425 -0.015350 73 2
0.250000 -0.003425 -0.025550 73 3
0.350000 -0.010675 -0.035850 73 4
0.450000 -0.021275 -0.046050 73 5
0.050000 0.001025 0.009250 74 0
0.100000 0.002875 0.018450 74 1
0.150000 0.005525 0.027650 74 2
0.250000 0.013425 0.046150 74 3
0.350000 0.024675 0.064750 74 4
0.450000 0.039375 0.083450 74 5
0.050000 0.000775 -0.004250 75 0
0.100000 0.002325 -0.008450 75 1
0.150000 0.004775 -0.012750 75 2
0.250000 0.012125 -0.021250 75 3
0.350000 0.022875 -0.029750 75 4
0.450000 0.037025 -0.038350 75 5
0.050000 -0.000925 0.004350 76 0
0.100000 -0.001075 0.008650 76 1
0.150000 -0.000325 0.013050 76 2
0.250000 0.003575 0.021650 76 3
0.350000 0.010875 0.030350 76 4
0.450000 0.021525 0.039050 76 5
0.050000 0.003525 0.008050 77 0
0.100000 0.006175 0.016050 77 1
0.150000 0.007975 0.024150 77 2
0.250000 0.009125 0.040150 77 3
0.350000 0.006975 0.056250 77 4
0.450000 0.001425 0.072250 77 5
0.050000 -0.003825 0.001950 78 0
0.100000 -0.006875 0.003950 78 1
0.150000 -0.009025 0.005850 78 2
0.250000 -0.010875 0.009750 78 3
0.350000 -0.009375 0.013650 78 4
0.450000 -0.004525 0.017550 78 5
0.050000 0.003625 -0.004350 79 0
0.100000 0.006425 -0.008650 79 1
0.150000 0.008375 -0.012950 79 2
0.250000 0.009775 -0.021550 79 3
0.350000 0.007825 -0.030150 79 4
0.450000 0.002525 -0.038750 79 5
0.050000 0.004225 -0.002750 80 0
0.100000 0.007575 -0.005450 80 1
0.150000 0.010075 -0.008150 80 2
0.250000 0.012625 -0.013650 80 3
0.350000 0.011825 -0.019050 80 4
0.450000 0.007725 -0.024550 80 5
0.050000 0.000825 0.002850 81 0
0.100000 0.000775 0.005750 81 1
0.150000 -0.000075 0.008550 81 2
0.250000 -0.004275 0.014250 81 3
0.350000 -0.011875 0.019950 81 4
0.450000 -0.022825 0.025750 81 5
0.050000 0.000825 0.007650 82 0
0.100000 0.000825 0.015350 82 1
0.150000 0.000025 0.023050 82 2
0.250000 -0.004175 0.038450 82 3
0.350000 -0.011675 0.053850 82 4
0.450000 -0.022575 0.069350 82 5
0.050000 0.001325 -0.004450 83 0
0.100000 0.001825 -0.008950 83 1
0.150000 0.001475 -0.013350 83 2
0.250000 -0.001725 -0.022350 83 3
0.350000 -0.008275 -0.031250 83 4
0.450000 -0.018175 -0.040250 83 5
0.050000 0.002275 -0.002050 84 0
0.100000 0.005375 -0.004050 84 1
0.150000 0.009275 -0.006150 84 2
0.250000 0.019725 -0.010250 84 3
0.350000 0.033525 -0.014350 84 4
0.450000 0.050775 -0.018450 84 5
0.050000 -0.002675 -0.007050 85 0
0.100000 -0.004575 -0.014150 85 1
0.150000 -0.005575 -0.021150 85 2
0.250000 -0.005125 -0.035350 85 3
0.350000 -0.001375 -0.049450 85 4
0.450000 0.005775 -0.063550 85 5
0.050000 -0.001925 0.000650 86 0
0.100000 -0.004725 0.001250 86 1
0.150000 -0.008325 0.001850 86 2
0.250000 -0.018075 0.003150 86 3
0.350000 -0.031225 0.004350 86 4
0.450000 -0.047825 0.005650 86 5
0.050000 -0.001475 -0.005750 87 0
0.100000 -0.003775 -0.011550 87 1
0.150000 -0.006925 -0.017250 87 2
0.250000 -0.015725 -0.028850 87 3
0.350000 -0.027925 -0.040450 87 4
0.450000 -0.043525 -0.052050 87 5
0.050000 -0.001475 -0.004550 88 0
0.100000 -0.003775 -0.009050 88 1
0.150000 -0.006925 -0.013650 88 2
0.250000 -0.015725 -0.022750 88 3
0.350000 -0.027925 -0.031950 88 4
0.450000 -0.043575 -0.041150 88 5
0.050000 -0.000725 0.009150 89 0
0.100000 -0.002225 0.018250 89 1
0.150000 -0.004625 0.027350 89 2
0.250000 -0.011875 0.045550 89 3
0.350000 -0.022525 0.063850 89 4
0.450000 -0.036525 0.082250 89 5
0.050000 0.003175 -0.005750 90 0
0.100000 0.005525 -0.011450 90 1
0.150000 0.007025 -0.017050 90 2
0.250000 0.007525 -0.028450 90 3
0.350000 0.004675 -0.039850 90 4
0.450000 -0.001475 -0.051250 90 5
0.050000 -0.004075 0.003350 91 0
0.100000 -0.008975 0.006650 91 1
0.150000 -0.014725 0.009950 91 2
0.250000 -0.028775 0.016650 91 3
0.350000 -0.046325 0.023450 91 4
0.450000 -0.067375 0.030150 91 5
0.050000 -0.001225 0.000550 92 0
0.100000 -0.001625 0.001150 92 1
0.150000 -0.001175 0.001750 92 2
0.250000 0.002175 0.002950 92 3
0.350000 0.008875 0.004050 92 4
0.450000 0.018975 0.005250 92 5
0.050000 -0.000775 0.006950 93 0
0.100000 -0.002375 0.013950 93 1
0.150000 -0.004775 0.020850 93 2
0.250000 -0.012175 0.034850 93 3
0.350000 -0.022925 0.048850 93 4
0.450000 -0.037125 0.062950 93 5
0.050000 0.001975 0.008050 94 0
0.100000 0.003125 0.016050 94 1
0.150000 0.003425 0.024150 94 2
0.250000 0.001525 0.040150 94 3
0.350000 -0.003675 0.056250 94 4
0.450000 -0.012275 0.072350 94 5
0.050000 0.000875 0.000850 95 0
0.100000 0.000975 0.001650 95 1
0.150000 0.000175 0.002450 95 2
0.250000 -0.003875 0.004050 95 3
0.350000 -0.011225 0.005750 95 4
0.450000 -0.022025 0.007350 95 5
0.050000 0.000275 0.009850 96 0
0.100000 0.001325 0.019650 96 1
0.150000 0.003275 0.029550 96 2
0.250000 0.009625 0.049250 96 3
0.350000 0.019325 0.068950 96 4
0.450000 0.032425 0.088850 96 5
0.050000 -0.002475 -0.004450 97 0
0.100000 -0.004125 -0.008950 97 1
0.150000 -0.004925 -0.013350 97 2
0.250000 -0.004025 -0.022250 97 3
0.350000 0.000225 -0.031250 97 4
0.450000 0.007775 -0.040150 97 5
0.050000 0.002025 -0.005650 98 0
0.100000 0.004925 -0.011250 98 1
0.150000 0.008625 -0.016850 98 2
0.250000 0.018625 -0.028050 98 3
0.350000 0.031975 -0.039350 98 4
0.450000 0.048825 -0.050750 98 5
0.050000 -0.004175 -0.005750 99 0
0.100000 -0.007475 -0.011450 99 1
0.150000 -0.009925 -0.017150 99 2
0.250000 -0.012375 -0.028550 99 3
0.350000 -0.011475 -0.039950 99 4
0.450000 -0.007275 -0.051350 99 5
0.050000 -0.002925 0.002250 100 0
0.100000 -0.006675 0.004550 100 1
0.150000 -0.011225 0.006850 100 2
0.250000 -0.022975 0.011450 100 3
0.350000 -0.038125 0.016050 100 4
0.450000 -0.056725 0.020650 100 5
0.050000 0.001675 -0.000750 101 0
0.100000 0.004175 -0.001450 101 1
0.150000 0.007475 -0.002150 101 2
0.250000 0.016675 -0.003550 101 3
0.350000 0.029225 -0.004950 101 4
0.450000 0.045275 -0.006350 101 5
0.050000 0.000725 0.008650 102 0
0.100000 0.000575 0.017250 102 1
0.150000 -0.000375 0.025850 102 2
0.250000 -0.004775 0.043150 102 3
0.350000 -0.012525 0.060450 102 4
0.450000 -0.023675 0.077750 102 5
8
0.050000 0.002325 0.007350 0 0
0.100000 0.003825 0.014750 0 1
0.150000 0.004475 0.022150 0 2
0.250000 0.003275 0.036850 0 3
0.350000 -0.001275 0.051650 0 4
0.450000 -0.009175 0.066350 0 5
0.050000 0.001575 -0.008850 1 0
0.100000 0.002325 -0.017650 1 1
0.150000 0.002225 -0.026550 1 2
0.250000 -0.000475 -0.044250 1 3
0.350000 -0.006475 -0.061950 1 4
0.450000 -0.015875 -0.079650 1 5
0.050000 0.001125 -0.003550 2 0
0.100000 0.003075 -0.007150 2 1
0.150000 0.005825 -0.010750 2 2
0.250000 0.013925 -0.017950 2 3
0.350000 0.025375 -0.025150 2 4
0.450000 0.040225 -0.032450 2 5
0.050000 0.005175 -0.005850 3 0
0.100000 0.011175 -0.011850 3 1
0.150000 0.018075 -0.017750 3 2
0.250000 0.034425 -0.029650 3 3
0.350000 0.054225 -0.041550 3 4
0.450000 0.077625 -0.053650 3 5
0.050000 -0.003875 0.002250 4 0
0.100000 -0.008575 0.004550 4 1
0.150000 -0.014175 0.006750 4 2
0.250000 -0.027875 0.011350 4 3
0.350000 -0.045025 0.015850 4 4
0.450000 -0.065675 0.020450 4 5
0.050000 -0.001925 0.009650 5 0
0.100000 -0.002975 0.019250 5 1
0.150000 -0.003225 0.028850 5 2
0.250000 -0.001175 0.048050 5 3
0.350000 0.004175 0.067250 5 4
0.450000 0.012925 0.086550 5 5
0.050000 0.002325 0.008850 6 0
0.100000 0.005475 0.017850 6 1
0.150000 0.009475 0.026750 6 2
0.250000 0.019975 0.044650 6 3
0.350000 0.033925 0.062550 6 4
0.450000 0.051325 0.080650 6 5
0.050000 -0.005025 0.002950 7 0
0.100000 -0.010925 0.005850 7 1
0.150000 -0.017625 0.008850 7 2
0.250000 -0.033675 0.014750 7 3
0.350000 -0.053225 0.020650 7 4
0.450000 -0.076325 0.026650 7 5
0.050000 0.000425 0.008550 8 0
0.100000 0.000075 0.017150 8 1
0.150000 -0.001175 0.025650 8 2
0.250000 -0.006125 0.042850 8 3
0.350000 -0.014425 0.060050 8 4
0.450000 -0.026125 0.077250 8 5
0.050000 0.000475 -0.004450 9 0
0.100000 0.000175 -0.008950 9 1
0.150000 -0.001025 -0.013450 9 2
0.250000 -0.005875 -0.022450 9 3
0.350000 -0.014075 -0.031550 9 4
0.450000 -0.025675 -0.040550 9 5
0.050000 -0.003425 0.000950 10 0
0.100000 -0.007675 0.001950 10 1
0.150000 -0.012775 0.002950 10 2
0.250000 -0.025525 0.004950 10 3
0.350000 -0.041725 0.006950 10 4
0.450000 -0.061425 0.008950 10 5
0.050000 0.001875 -0.002250 11 0
0.100000 0.002875 -0.004450 11 1
0.150000 0.003075 -0.006650 11 2
0.250000 0.000975 -0.011050 11 3
0.350000 -0.004475 -0.015550 11 4
0.450000 -0.013275 -0.019950 11 5
0.050000 0.004975 0.004950 12 0
0.100000 0.010825 0.009950 12 1
0.150000 0.017475 0.014950 12 2
0.250000 0.033425 0.024950 12 3
0.350000 0.052875 0.034950 12 4
0.450000 0.075875 0.045150 12 5
0.050000 -0.002125 0.003650 13 0
0.100000 -0.003375 0.007250 13 1
0.150000 -0.003825 0.010850 13 2
0.250000 -0.002225 0.018050 13 3
0.350000 0.002725 0.025350 13 4
0.450000 0.011025 0.032550 13 5
0.050000 0.000175 -0.006350 14 0
0.100000 0.001175 -0.012650 14 1
0.150000 0.003025 -0.019050 14 2
0.250000 0.009175 -0.031750 14 3
0.350000 0.018725 -0.044550 14 4
0.450000 0.031675 -0.057350 14 5
0.050000 -0.003875 0.002850 15 0
0.100000 -0.008625 0.005650 15 1
0.150000 -0.014175 0.008450 15 2
0.250000 -0.027875 0.014150 15 3
0.350000 -0.045025 0.019750 15 4
0.450000 -0.065675 0.025550 15 5
0.050000 -0.001675 0.001850 16 0
0.100000 -0.004225 0.003750 16 1
0.150000 -0.007575 0.005650 16 2
0.250000 -0.016825 0.009450 16 3
0.350000 -0.029475 0.013250 16 4
0.450000 -0.045575 0.017050 16 5
0.050000 0.000375 -0.007650 17 0
0.100000 -0.000075 -0.015250 17 1
0.150000 -0.001375 -0.022850 17 2
0.250000 -0.006525 -0.038150 17 3
0.350000 -0.014975 -0.053450 17 4
0.450000 -0.026825 -0.068750 17 5
0.050000 0.004625 0.001850 18 0
0.100000 0.010075 0.003750 18 1
0.150000 0.016375 0.005750 18 2
0.250000 0.031575 0.009550 18 3
0.350000 0.050275 0.013350 18 4
0.450000 0.072525 0.017250 18 5
0.050000 0.001575 0.000650 19 0
0.100000 0.004025 0.001350 19 1
0.150000 0.007275 0.001950 19 2
0.250000 0.016325 0.003350 19 3
0.350000 0.028775 0.004650 19 4
0.450000 0.044675 0.005950 19 5
0.050000 -0.000625 0.006350 20 0
0.100000 -0.000425 0.012750 20 1
0.150000 0.000575 0.019150 20 2
0.250000 0.005125 0.031950 20 3
0.350000 0.013075 0.044750 20 4
0.450000 0.024375 0.057650 20 5
0.050000 0.001625 0.008950 21 0
0.100000 0.002425 0.017850 21 1
0.150000 0.002375 0.026750 21 2
0.250000 -0.000225 0.044550 21 3
0.350000 -0.006175 0.062450 21 4
0.450000 -0.015475 0.080350 21 5
0.050000 0.004025 0.005650 22 0
0.100000 0.007225 0.011350 22 1
0.150000 0.009575 0.017050 22 2
0.250000 0.011775 0.028450 22 3
0.350000 0.010625 0.039750 22 4
0.450000 0.006175 0.051150 22 5
0.050000 0.000925 -0.006950 23 0
0.100000 0.002675 -0.013850 23 1
0.150000 0.005275 -0.020750 23 2
0.250000 0.012925 -0.034650 23 3
0.350000 0.024025 -0.048550 23 4
0.450000 0.038475 -0.062550 23 5
0.050000 -0.002225 0.004450 24 0
0.100000 -0.005325 0.008950 24 1
0.150000 -0.009225 0.013450 24 2
0.250000 -0.019575 0.022550 24 3
0.350000 -0.033325 0.031550 24 4
0.450000 -0.050525 0.040750 24 5
0.050000 -0.001075 0.004050 25 0
0.100000 -0.001275 0.008050 25 1
0.150000 -0.000675 0.012050 25 2
0.250000 0.003025 0.020050 25 3
0.350000 0.010075 0.028050 25 4
0.450000 0.020525 0.036150 25 5
0.050000 0.000425 -0.001150 26 0
0.100000 0.001725 -0.002350 26 1
0.150000 0.003825 -0.003550 26 2
0.250000 0.010525 -0.005850 26 3
0.350000 0.020625 -0.008150 26 4
0.450000 0.034125 -0.010550 26 5
0.050000 0.002625 0.005450 27 0
0.100000 0.004425 0.010950 27 1
0.150000 0.005375 0.016450 27 2
0.250000 0.004775 0.027450 27 3
0.350000 0.000825 0.038450 27 4
0.450000 -0.006475 0.049450 27 5
0.050000 0.000125 0.005050 28 0
0.100000 0.001125 0.010050 28 1
0.150000 0.002925 0.015150 28 2
0.250000 0.009075 0.025150 28 3
0.350000 0.018575 0.035350 28 4
0.450000 0.031425 0.045450 28 5
0.050000 -0.001975 0.000650 29 0
0.100000 -0.004775 0.001350 29 1
0.150000 -0.008375 0.002050 29 2
0.250000 -0.018175 0.003450 29 3
0.350000 -0.031375 0.004850 29 4
0.450000 -0.048025 0.006250 29 5
0.050000 -0.002225 -0.000950 30 0
0.100000 -0.005325 -0.001850 30 1
0.150000 -0.009275 -0.002850 30 2
0.250000 -0.019625 -0.004750 30 3
0.350000 -0.033425 -0.006650 30 4
0.450000 -0.050675 -0.008550 30 5
0.050000 0.005075 -0.001450 31 0
0.100000 0.010975 -0.002950 31 1
0.150000 0.017725 -0.004450 31 2
0.250000 0.033775 -0.007450 31 3
0.350000 0.053375 -0.010450 31 4
0.450000 0.076525 -0.013550 31 5
0.050000 -0.000075 0.007150 32 0
0.100000 0.000675 0.014350 32 1
0.150000 0.002225 0.021550 32 2
0.250000 0.007875 0.035850 32 3
0.350000 0.016925 0.050250 32 4
0.450000 0.029325 0.064650 32 5
0.050000 -0.002875 -0.009450 33 0
0.100000 -0.006525 -0.018850 33 1
0.150000 -0.011075 -0.028350 33 2
0.250000 -0.022675 -0.047250 33 3
0.350000 -0.037725 -0.066250 33 4
0.450000 -0.056225 -0.085450 33 5
0.050000 -0.003975 0.008550 34 0
0.100000 -0.008825 0.017050 34 1
0.150000 -0.014525 0.025550 34 2
0.250000 -0.028475 0.042750 34 3
0.350000 -0.045875 0.059950 34 4
0.450000 -0.066775 0.077250 34 5
0.050000 -0.004875 -0.002250 35 0
0.100000 -0.010575 -0.004450 35 1
0.150000 -0.017125 -0.006750 35 2
0.250000 -0.032875 -0.011250 35 3
0.350000 -0.052075 -0.015750 35 4
0.450000 -0.074825 -0.020350 35 5
0.050000 -0.002075 -0.003350 36 0
0.100000 -0.003325 -0.006650 36 1
0.150000 -0.003775 -0.010050 36 2
0.250000 -0.002075 -0.016650 36 3
0.350000 0.002925 -0.023350 36 4
0.450000 0.011275 -0.030050 36 5
0.050000 0.000675 -0.008150 37 0
0.100000 0.002225 -0.016250 37 1
0.150000 0.004575 -0.024350 37 2
0.250000 0.011825 -0.040650 37 3
0.350000 0.022425 -0.057050 37 4
0.450000 0.036425 -0.073450 37 5
0.050000 0.000625 0.004150 38 0
0.100000 0.000475 0.008250 38 1
0.150000 -0.000575 0.012450 38 2
0.250000 -0.005125 0.020650 38 3
0.350000 -0.013025 0.028950 38 4
0.450000 -0.024275 0.037250 38 5
0.050000 -0.004325 0.003750 39 0
0.100000 -0.009525 0.007450 39 1
0.150000 -0.015525 0.011150 39 2
0.250000 -0.030125 0.018650 39 3
0.350000 -0.048225 0.026150 39 4
0.450000 -0.069825 0.033750 39 5
0.050000 -0.001575 -0.004450 40 0
0.100000 -0.002375 -0.008850 40 1
0.150000 -0.002275 -0.013250 40 2
0.250000 0.000375 -0.022150 40 3
0.350000 0.006375 -0.030950 40 4
0.450000 0.015725 -0.039850 40 5
0.050000 -0.003675 0.006950 41 0
0.100000 -0.006475 0.013850 41 1
0.150000 -0.008475 0.020750 41 2
0.250000 -0.009975 0.034450 41 3
0.350000 -0.008125 0.048250 41 4
0.450000 -0.002925 0.062050 41 5
0.050000 -0.002575 -0.000650 42 0
0.100000 -0.006025 -0.001350 42 1
0.150000 -0.010275 -0.002050 42 2
0.250000 -0.021325 -0.003450 42 3
0.350000 -0.035825 -0.004850 42 4
0.450000 -0.053775 -0.006250 42 5
0.050000 0.001275 0.000950 43 0
0.100000 0.001675 0.001950 43 1
0.150000 0.001275 0.002850 43 2
0.250000 -0.002025 0.004850 43 3
0.350000 -0.008675 0.006750 43 4
0.450000 -0.018675 0.008650 43 5
0.050000 -0.003825 -0.002550 44 0
0.100000 -0.006775 -0.005050 44 1
0.150000 -0.008925 -0.007550 44 2
0.250000 -0.010675 -0.012650 44 3
0.350000 -0.009125 -0.017650 44 4
0.450000 -0.004175 -0.022750 44 5
0.050000 0.004025 0.004750 45 0
0.100000 0.007175 0.009450 45 1
0.150000 0.009525 0.014150 45 2
0.250000 0.011675 0.023550 45 3
0.350000 0.010525 0.033050 45 4
0.450000 0.005975 0.042450 45 5
0.050000 0.000775 0.000350 46 0
0.100000 0.000725 0.000750 46 1
0.150000 -0.000175 0.001150 46 2
0.250000 -0.004475 0.001950 46 3
0.350000 -0.012125 0.002750 46 4
0.450000 -0.023125 0.003550 46 5
0.050000 -0.000875 0.008550 47 0
0.100000 -0.002575 0.017150 47 1
0.150000 -0.005125 0.025650 47 2
0.250000 -0.012725 0.042850 47 3
0.350000 -0.023725 0.060050 47 4
0.450000 -0.038125 0.077350 47 5
0.050000 0.001475 0.008650 48 0
0.100000 0.003775 0.017350 48 1
0.150000 0.006875 0.026150 48 2
0.250000 0.015675 0.043550 48 3
0.350000 0.027825 0.061050 48 4
0.450000 0.043425 0.078650 48 5
0.050000 0.000075 0.009750 49 0
0.100000 -0.000675 0.019450 49 1
0.150000 -0.002275 0.029250 49 2
0.250000 -0.007975 0.048750 49 3
0.350000 -0.017025 0.068250 49 4
0.450000 -0.029475 0.087950 49 5
0.050000 0.004525 -0.003150 50 0
0.100000 0.008225 -0.006350 50 1
0.150000 0.011075 -0.009450 50 2
0.250000 0.014275 -0.015850 50 3
0.350000 0.014125 -0.022150 50 4
0.450000 0.010625 -0.028450 50 5
0.050000 -0.002625 -0.003450 51 0
0.100000 -0.006075 -0.006950 51 1
0.150000 -0.010375 -0.010450 51 2
0.250000 -0.021525 -0.017450 51 3
0.350000 -0.036075 -0.024550 51 4
0.450000 -0.054075 -0.031650 51 5
0.050000 -0.001825 -0.007650 52 0
0.100000 -0.004525 -0.015350 52 1
0.150000 -0.008025 -0.023050 52 2
0.250000 -0.017575 -0.038450 52 3
0.350000 -0.030575 -0.053950 52 4
0.450000 -0.046975 -0.069550 52 5
0.050000 0.002525 0.003550 53 0
0.100000 0.005875 0.007050 53 1
0.150000 0.010025 0.010550 53 2
0.250000 0.020925 0.017650 53 3
0.350000 0.035275 0.024850 53 4
0.450000 0.053025 0.031950 53 5
0.050000 0.001175 -0.009350 54 0
0.100000 0.001475 -0.018750 54 1
0.150000 0.000975 -0.028050 54 2
0.250000 -0.002525 -0.046850 54 3
0.350000 -0.009375 -0.065550 54 4
0.450000 -0.019575 -0.084450 54 5
0.050000 0.000575 -0.004250 55 0
0.100000 0.001925 -0.008550 55 1
0.150000 0.004175 -0.012750 55 2
0.250000 0.011125 -0.021350 55 3
0.350000 0.021475 -0.029850 55 4
0.450000 0.035225 -0.038450 55 5
0.050000 -0.004325 -0.006650 56 0
0.100000 -0.007825 -0.013350 56 1
0.150000 -0.010475 -0.020050 56 2
0.250000 -0.013275 -0.033450 56 3
0.350000 -0.012725 -0.046750 56 4
0.450000 -0.008825 -0.060050 56 5
0.050000 -0.004025 0.005250 57 0
0.100000 -0.007225 0.010450 57 1
0.150000 -0.009625 0.015750 57 2
0.250000 -0.011825 0.026250 57 3
0.350000 -0.010725 0.036650 57 4
0.450000 -0.006275 0.047150 57 5
0.050000 -0.001025 -0.002850 58 0
0.100000 -0.002875 -0.005650 58 1
0.150000 -0.005575 -0.008450 58 2
0.250000 -0.013475 -0.014150 58 3
0.350000 -0.024775 -0.019750 58 4
0.450000 -0.039475 -0.025450 58 5
0.050000 -0.002775 0.006450 59 0
0.100000 -0.004725 0.012950 59 1
0.150000 -0.005825 0.019450 59 2
0.250000 -0.005575 0.032350 59 3
0.350000 -0.001975 0.045350 59 4
0.450000 0.004975 0.058250 59 5
0.050000 0.001725 -0.001250 60 0
0.100000 0.004275 -0.002550 60 1
0.150000 0.007625 -0.003850 60 2
0.250000 0.016925 -0.006450 60 3
0.350000 0.029625 -0.009050 60 4
0.450000 0.045775 -0.011750 60 5
0.050000 0.003275 -0.006250 61 0
0.100000 0.005675 -0.012450 61 1
0.150000 0.007275 -0.018650 61 2
0.250000 0.007975 -0.031050 61 3
0.350000 0.005325 -0.043550 61 4
0.450000 -0.000625 -0.055950 61 5
0.050000 0.002925 0.004650 62 0
0.100000 0.005075 0.009350 62 1
0.150000 0.006325 0.013950 62 2
0.250000 0.006375 0.023250 62 3
0.350000 0.003125 0.032550 62 4
0.450000 -0.003525 0.041850 62 5
0.050000 0.003525 0.007550 63 0
0.100000 0.006175 0.015050 63 1
0.150000 0.007975 0.022550 63 2
0.250000 0.009125 0.037450 63 3
0.350000 0.006975 0.052450 63 4
0.450000 0.001425 0.067450 63 5
0.050000 0.004325 0.010050 64 0
0.100000 0.007825 0.020150 64 1
0.150000 0.010525 0.030150 64 2
0.250000 0.013325 0.050150 64 3
0.350000 0.012825 0.070250 64 4
0.450000 0.008975 0.090250 64 5
0.050000 0.002075 0.003050 65 0
0.100000 0.003325 0.006050 65 1
0.150000 0.003775 0.009050 65 2
0.250000 0.002075 0.015050 65 3
0.350000 -0.002925 0.021150 65 4
0.450000 -0.011275 0.027150 65 5
0.050000 -0.000525 -0.005250 66 0
0.100000 -0.001875 -0.010550 66 1
0.150000 -0.004075 -0.015750 66 2
0.250000 -0.011025 -0.026350 66 3
0.350000 -0.021325 -0.036850 66 4
0.450000 -0.034975 -0.047550 66 5
0.050000 -0.000775 -0.008250 67 0
0.100000 -0.002425 -0.016550 67 1
0.150000 -0.004875 -0.024850 67 2
0.250000 -0.012325 -0.041550 67 3
0.350000 -0.023125 -0.058150 67 4
0.450000 -0.037375 -0.074950 67 5
0.050000 -0.003125 -0.010150 68 0
0.100000 -0.005425 -0.020250 68 1
0.150000 -0.006925 -0.030450 68 2
0.250000 -0.007325 -0.050650 68 3
0.350000 -0.004425 -0.070950 68 4
0.450000 0.001825 -0.091250 68 5
0.050000 -0.004575 -0.010150 69 0
0.100000 -0.008325 -0.020250 69 1
0.150000 -0.011225 -0.030450 69 2
0.250000 -0.014475 -0.050650 69 3
0.350000 -0.014425 -0.070850 69 4
0.450000 -0.011025 -0.091050 69 5
0.050000 -0.001125 -0.008850 70 0
0.100000 -0.001425 -0.017650 70 1
0.150000 -0.000875 -0.026450 70 2
0.250000 0.002675 -0.044050 70 3
0.350000 0.009575 -0.061750 70 4
0.450000 0.019875 -0.079450 70 5
0.050000 -0.002425 0.003850 71 0
0.100000 -0.003975 0.007750 71 1
0.150000 -0.004675 0.011650 71 2
0.250000 -0.003675 0.019450 71 3
0.350000 0.000725 0.027250 71 4
0.450000 0.008425 0.034950 71 5
0.050000 0.003225 -0.002350 72 0
0.100000 0.005575 -0.004750 72 1
0.150000 0.007125 -0.007150 72 2
0.250000 0.007725 -0.011950 72 3
0.350000 0.004975 -0.016750 72 4
0.450000 -0.001125 -0.021450 72 5
0.050000 0.004775 -0.005950 73 0
0.100000 0.010425 -0.011850 73 1
0.150000 0.016925 -0.017750 73 2
0.250000 0.032475 -0.029650 73 3
0.350000 0.051575 -0.041650 73 4
0.450000 0.074175 -0.053650 73 5
0.050000 0.003475 0.005050 74 0
0.100000 0.007775 0.010150 74 1
0.150000 0.012975 0.015250 74 2
0.250000 0.025825 0.025450 74 3
0.350000 0.042125 0.035650 74 4
0.450000 0.061925 0.045950 74 5
0.050000 -0.002175 -0.009950 75 0
0.100000 -0.003575 -0.019850 75 1
0.150000 -0.004075 -0.029850 75 2
0.250000 -0.002625 -0.049650 75 3
0.350000 0.002125 -0.069550 75 4
0.450000 0.010275 -0.089450 75 5
0.050000 0.003675 0.005150 76 0
0.100000 0.008225 0.010350 76 1
0.150000 0.013575 0.015450 76 2
0.250000 0.026875 0.025850 76 3
0.350000 0.043625 0.036250 76 4
0.450000 0.063875 0.046750 76 5
0.050000 0.002575 -0.006950 77 0
0.100000 0.004325 -0.013850 77 1
0.150000 0.005225 -0.020850 77 2
0.250000 0.004525 -0.034750 77 3
0.350000 0.000475 -0.048650 77 4
0.450000 -0.006875 -0.062550 77 5
0.050000 -0.001675 -0.009150 78 0
0.100000 -0.004175 -0.018250 78 1
0.150000 -0.007475 -0.027450 78 2
0.250000 -0.016675 -0.045750 78 3
0.350000 -0.029275 -0.064150 78 4
0.450000 -0.045275 -0.082650 78 5
0.050000 0.001125 -0.003150 79 0
0.100000 0.001375 -0.006350 79 1
0.150000 0.000825 -0.009450 79 2
0.250000 -0.002775 -0.015850 79 3
0.350000 -0.009725 -0.022150 79 4
0.450000 -0.020075 -0.028550 79 5
0.050000 -0.001875 0.005450 80 0
0.100000 -0.002875 0.010950 80 1
0.150000 -0.003075 0.016350 80 2
0.250000 -0.000975 0.027250 80 3
0.350000 0.004475 0.038150 80 4
0.450000 0.013275 0.049150 80 5
0.050000 0.003375 0.005450 81 0
0.100000 0.005925 0.010950 81 1
0.150000 0.007675 0.016450 81 2
0.250000 0.008625 0.027350 81 3
0.350000 0.006225 0.038350 81 4
0.450000 0.000475 0.049250 81 5
0.050000 -0.003625 -0.007350 82 0
0.100000 -0.008125 -0.014650 82 1
0.150000 -0.013475 -0.022050 82 2
0.250000 -0.026675 -0.036750 82 3
0.350000 -0.043375 -0.051550 82 4
0.450000 -0.063525 -0.066550 82 5
0.050000 -0.001825 -0.002150 83 0
0.100000 -0.002775 -0.004350 83 1
0.150000 -0.002925 -0.006450 83 2
0.250000 -0.000725 -0.010850 83 3
0.350000 0.004775 -0.015150 83 4
0.450000 0.013725 -0.019450 83 5
0.050000 -0.003725 0.004750 84 0
0.100000 -0.006575 0.009550 84 1
0.150000 -0.008575 0.014250 84 2
0.250000 -0.010125 0.023750 84 3
0.350000 -0.008325 0.033250 84 4
0.450000 -0.003225 0.042750 84 5
0.050000 0.003625 0.001550 85 0
0.100000 0.006425 0.003050 85 1
0.150000 0.008375 0.004550 85 2
0.250000 0.009775 0.007550 85 3
0.350000 0.007875 0.010650 85 4
0.450000 0.002575 0.013650 85 5
0.050000 0.004575 -0.002150 86 0
0.100000 0.010025 -0.004250 86 1
0.150000 0.016275 -0.006350 86 2
0.250000 0.031425 -0.010550 86 3
0.350000 0.050025 -0.014850 86 4
0.450000 0.072175 -0.019050 86 5
0.050000 0.001475 0.007450 87 0
0.100000 0.002075 0.014950 87 1
0.150000 0.001875 0.022450 87 2
0.250000 -0.001075 0.037350 87 3
0.350000 -0.007375 0.052350 87 4
0.450000 -0.016975 0.067350 87 5
0.050000 0.004575 0.007850 88 0
0.100000 0.010025 0.015650 88 1
0.150000 0.016325 0.023550 88 2
0.250000 0.031475 0.039250 88 3
0.350000 0.050125 0.055150 88 4
0.450000 0.072325 0.071150 88 5
0.050000 0.002775 -0.009650 89 0
0.100000 0.004675 -0.019250 89 1
0.150000 0.005775 -0.028850 89 2
0.250000 0.005475 -0.048150 89 3
0.350000 0.001825 -0.067350 89 4
0.450000 -0.005175 -0.086650 89 5
0.050000 -0.003325 -0.000950 90 0
0.100000 -0.007475 -0.001850 90 1
0.150000 -0.012475 -0.002750 90 2
0.250000 -0.025025 -0.004650 90 3
0.350000 -0.041025 -0.006550 90 4
0.450000 -0.060525 -0.008450 90 5
0.050000 -0.004775 0.007050 91 0
0.100000 -0.010425 0.014050 91 1
0.150000 -0.016925 0.021050 91 2
0.250000 -0.032475 0.035150 91 3
0.350000 -0.051525 0.049350 91 4
0.450000 -0.074125 0.063650 91 5
0.050000 -0.001575 0.006950 92 0
0.100000 -0.003975 0.013850 92 1
0.150000 -0.007225 0.020750 92 2
0.250000 -0.016225 0.034650 92 3
0.350000 -0.028575 0.048550 92 4
0.450000 -0.044425 0.062550 92 5
0.050000 0.002625 0.006550 93 0
0.100000 0.006075 0.013150 93 1
0.150000 0.010375 0.019750 93 2
0.250000 0.021475 0.032950 93 3
0.350000 0.036025 0.046250 93 4
0.450000 0.054025 0.059550 93 5
0.050000 0.001575 -0.001350 94 0
0.100000 0.004025 -0.002750 94 1
0.150000 0.007275 -0.004050 94 2
0.250000 0.016375 -0.006850 94 3
0.350000 0.028825 -0.009550 94 4
0.450000 0.044725 -0.012350 94 5
0.050000 -0.002025 0.004550 95 0
0.100000 -0.003225 0.009050 95 1
0.150000 -0.003575 0.013550 95 2
0.250000 -0.001825 0.022550 95 3
0.350000 0.003275 0.031550 95 4
0.450000 0.011775 0.040650 95 5
0.050000 -0.000325 -0.008750 96 0
0.100000 -0.001475 -0.017550 96 1
0.150000 -0.003475 -0.026350 96 2
0.250000 -0.009975 -0.043950 96 3
0.350000 -0.019825 -0.061550 96 4
0.450000 -0.033125 -0.079250 96 5
0.050000 -0.001475 0.000450 97 0
0.100000 -0.003775 0.000950 97 1
0.150000 -0.006925 0.001450 97 2
0.250000 -0.015775 0.002450 97 3
0.350000 -0.027975 0.003450 97 4
0.450000 -0.043575 0.004350 97 5
0.050000 0.003325 -0.008650 98 0
0.100000 0.005825 -0.017250 98 1
0.150000 0.007425 -0.025850 98 2
0.250000 0.008225 -0.043050 98 3
0.350000 0.005675 -0.060150 98 4
0.450000 -0.000175 -0.077450 98 5
0.050000 0.005175 -0.006450 99 0
0.100000 0.011175 -0.012850 99 1
0.150000 0.018025 -0.019350 99 2
0.250000 0.034325 -0.032350 99 3
0.350000 0.054125 -0.045350 99 4
0.450000 0.077475 -0.058550 99 5
0.050000 0.000075 0.003250 100 0
0.100000 -0.000725 0.006450 100 1
0.150000 -0.002325 0.009650 100 2
0.250000 -0.008075 0.016050 100 3
0.350000 -0.017175 0.022550 100 4
0.450000 -0.029675 0.029050 100 5
0.050000 -0.003725 -0.007750 101 0
0.100000 -0.008275 -0.015450 101 1
0.150000 -0.013675 -0.023150 101 2
0.250000 -0.027025 -0.038650 101 3
0.350000 -0.043825 -0.054250 101 4
0.450000 -0.064175 -0.069950 101 5
0.050000 0.004525 -0.007050 102 0
0.100000 0.009825 -0.014050 102 1
0.150000 0.016025 -0.021150 102 2
0.250000 0.031025 -0.035350 102 3
0.350000 0.049475 -0.049650 102 4
0.450000 0.071425 -0.063950 102 5
0.050000 0.004575 -0.002650 103 0
0.100000 0.009975 -0.005350 103 1
0.150000 0.016275 -0.008050 103 2
0.250000 0.031375 -0.013450 103 3
0.350000 0.049925 -0.018950 103 4
0.450000 0.072075 -0.024350 103 5
0.050000 -0.002875 0.000750 104 0
0.100000 -0.004975 0.001450 104 1
0.150000 -0.006175 0.002150 104 2
0.250000 -0.006125 0.003650 104 3
0.350000 -0.002775 0.005150 104 4
0.450000 0.003975 0.006550 104 5
0.050000 0.003875 -0.000150 105 0
0.100000 0.006875 -0.000250 105 1
0.150000 0.009075 -0.000350 105 2
0.250000 0.010975 -0.000550 105 3
0.350000 0.009525 -0.000750 105 4
0.450000 0.004725 -0.000950 105 5
0.050000 -0.002375 0.007550 106 0
0.100000 -0.003875 0.015050 106 1
0.150000 -0.004575 0.022550 106 2
0.250000 -0.003475 0.037550 106 3
0.350000 0.000975 0.052550 106 4
0.450000 0.008775 0.067550 106 5
0.050000 -0.004575 0.002650 107 0
0.100000 -0.008275 0.005250 107 1
0.150000 -0.011125 0.007850 107 2
0.250000 -0.014375 0.012950 107 3
0.350000 -0.014275 0.018150 107 4
0.450000 -0.010825 0.023350 107 5
0.050000 -0.001925 -0.000650 108 0
0.100000 -0.004675 -0.001350 108 1
0.150000 -0.008275 -0.002050 108 2
0.250000 -0.018025 -0.003350 108 3
0.350000 -0.031125 -0.004750 108 4
0.450000 -0.047725 -0.006050 108 5
0.050000 -0.004175 -0.006750 109 0
0.100000 -0.007475 -0.013450 109 1
0.150000 -0.009975 -0.020250 109 2
0.250000 -0.012475 -0.033650 109 3
0.350000 -0.011575 -0.047050 109 4
0.450000 -0.007375 -0.060550 109 5
0.050000 0.000575 0.005650 110 0
0.100000 0.001975 0.011250 110 1
0.150000 0.004225 0.016950 110 2
0.250000 0.011225 0.028250 110 3
0.350000 0.021575 0.039550 110 4
0.450000 0.035375 0.050950 110 5
0.050000 -0.001975 -0.010150 111 0
0.100000 -0.003175 -0.020350 111 1
0.150000 -0.003475 -0.030550 111 2
0.250000 -0.001625 -0.050850 111 3
0.350000 0.003575 -0.071250 111 4
0.450000 0.012125 -0.091650 111 5
0.050000 0.003425 0.004950 112 0
0.100000 0.007725 0.009950 112 1
0.150000 0.012875 0.014850 112 2
0.250000 0.025675 0.024850 112 3
0.350000 0.041975 0.034850 112 4
0.450000 0.061725 0.044950 112 5
0.050000 0.001375 -0.004050 113 0
0.100000 0.003575 -0.008150 113 1
0.150000 0.006575 -0.012250 113 2
0.250000 0.015175 -0.020450 113 3
0.350000 0.027125 -0.028650 113 4
0.450000 0.042525 -0.036950 113 5
0.050000 0.000525 -0.009550 114 0
0.100000 0.001875 -0.019050 114 1
0.150000 0.004025 -0.028650 114 2
0.250000 0.010925 -0.047750 114 3
0.350000 0.021175 -0.066950 114 4
0.450000 0.034825 -0.086250 114 5
0.050000 -0.001625 0.005050 115 0
0.100000 -0.004075 0.010150 115 1
0.150000 -0.007375 0.015250 115 2
0.250000 -0.016475 0.025450 115 3
0.350000 -0.029025 0.035750 115 4
0.450000 -0.044975 0.045950 115 5
0.050000 0.003875 0.004050 116 0
0.100000 0.006925 0.008150 116 1
0.150000 0.009125 0.012250 116 2
0.250000 0.011025 0.020450 116 3
0.350000 0.009625 0.028550 116 4
0.450000 0.004875 0.036750 116 5
0.050000 -0.003425 -0.007750 117 0
0.100000 -0.007675 -0.015550 117 1
0.150000 -0.012775 -0.023350 117 2
0.250000 -0.025575 -0.039050 117 3
0.350000 -0.041775 -0.054750 117 4
0.450000 -0.061475 -0.070550 117 5
0.050000 -0.004475 0.000450 118 0
0.100000 -0.009775 0.000950 118 1
0.150000 -0.015975 0.001450 118 2
0.250000 -0.030875 0.002450 118 3
0.350000 -0.049225 0.003350 118 4
0.450000 -0.071175 0.004350 118 5
0.050000 -0.001875 0.008250 119 0
0.100000 -0.004525 0.016550 119 1
0.150000 -0.008075 0.024750 119 2
0.250000 -0.017625 0.041350 119 3
0.350000 -0.030625 0.058050 119 4
0.450000 -0.047025 0.074750 119 5
0.050000 -0.003075 0.001650 120 0
0.100000 -0.005275 0.003250 120 1
0.150000 -0.006675 0.004850 120 2
0.250000 -0.006975 0.008050 120 3
0.350000 -0.003925 0.011350 120 4
0.450000 0.002475 0.014550 120 5
0.050000 -0.000275 -0.000450 121 0
0.100000 0.000275 -0.000850 121 1
0.150000 0.001675 -0.001250 121 2
0.250000 0.006975 -0.002050 121 3
0.350000 0.015625 -0.002950 121 4
0.450000 0.027625 -0.003750 121 5
0.050000 0.001525 -0.004950 122 0
0.100000 0.002225 -0.009850 122 1
0.150000 0.002075 -0.014750 122 2
0.250000 -0.000775 -0.024550 122 3
0.350000 -0.006875 -0.034350 122 4
0.450000 -0.016425 -0.044150 122 5
0.050000 -0.005125 0.000550 123 0
0.100000 -0.011075 0.001050 123 1
0.150000 -0.017925 0.001650 123 2
0.250000 -0.034175 0.002750 123 3
0.350000 -0.053875 0.003850 123 4
0.450000 -0.077175 0.004950 123 5
0.050000 0.004225 0.007350 124 0
0.100000 0.007625 0.014750 124 1
0.150000 0.010175 0.022050 124 2
0.250000 0.012775 0.036750 124 3
0.350000 0.012075 0.051450 124 4
0.450000 0.008025 0.066050 124 5
0.050000 0.001925 0.004650 125 0
0.100000 0.002975 0.009250 125 1
0.150000 0.003225 0.013850 125 2
0.250000 0.001225 0.023150 125 3
0.350000 -0.004125 0.032350 125 4
0.450000 -0.012825 0.041650 125 5
0.050000 0.000325 0.001350 126 0
0.100000 0.001475 0.002650 126 1
0.150000 0.003475 0.003950 126 2
0.250000 0.009975 0.006650 126 3
0.350000 0.019825 0.009350 126 4
0.450000 0.033125 0.012050 126 5
0.050000 -0.003775 -0.007350 127 0
0.100000 -0.008425 -0.014650 127 1
0.150000 -0.013925 -0.022050 127 2
0.250000 -0.027425 -0.036750 127 3
0.350000 -0.044375 -0.051650 127 4
0.450000 -0.064875 -0.066550 127 5
0.050000 0.003125 0.007550 128 0
0.100000 0.005475 0.015050 128 1
0.150000 0.006925 0.022550 128 2
0.250000 0.007375 0.037550 128 3
0.350000 0.004475 0.052650 128 4
0.450000 -0.001725 0.067650 128 5
0.050000 -0.000875 0.008350 129 0
0.100000 -0.002625 0.016650 129 1
0.150000 -0.005175 0.025050 129 2
0.250000 -0.012825 0.041750 129 3
0.350000 -0.023875 0.058550 129 4
0.450000 -0.038325 0.075450 129 5
0.050000 -0.002725 0.004950 130 0
0.100000 -0.004675 0.009950 130 1
0.150000 -0.005725 0.014850 130 2
0.250000 -0.005375 0.024850 130 3
0.350000 -0.001675 0.034750 130 4
0.450000 0.005375 0.044650 130 5
9
0.050000 0.004275 -0.008250 0 0
0.100000 0.009375 -0.016650 0 1
0.150000 0.015325 -0.024950 0 2
0.250000 0.029825 -0.041650 0 3
0.350000 0.047775 -0.058450 0 4
0.450000 0.069275 -0.075350 0 5
0.050000 -0.000225 -0.002850 1 0
0.100000 -0.001325 -0.005650 1 1
0.150000 -0.003225 -0.008550 1 2
0.250000 -0.009575 -0.014150 1 3
0.350000 -0.019225 -0.019850 1 4
0.450000 -0.032325 -0.025550 1 5
0.050000 0.001175 0.007550 2 0
0.100000 0.001525 0.015050 2 1
0.150000 0.001075 0.022550 2 2
0.250000 -0.002375 0.037650 2 3
0.350000 -0.009225 0.052650 2 4
0.450000 -0.019375 0.067850 2 5
0.050000 0.005375 0.005850 3 0
0.100000 0.011625 0.011850 3 1
0.150000 0.018725 0.017750 3 2
0.250000 0.035475 0.029650 3 3
0.350000 0.055775 0.041550 3 4
0.450000 0.079675 0.053650 3 5
0.050000 0.001525 0.000250 4 0
0.100000 0.003925 0.000550 4 1
0.150000 0.007175 0.000850 4 2
0.250000 0.016125 0.001450 4 3
0.350000 0.028475 0.002050 4 4
0.450000 0.044275 0.002650 4 5
0.050000 0.000475 -0.008150 5 0
0.100000 0.000175 -0.016250 5 1
0.150000 -0.001025 -0.024450 5 2
0.250000 -0.005875 -0.040750 5 3
0.350000 -0.014075 -0.057050 5 4
0.450000 -0.025675 -0.073450 5 5
0.050000 0.004025 0.003850 6 0
0.100000 0.007225 0.007650 6 1
0.150000 0.009575 0.011550 6 2
0.250000 0.011725 0.019250 6 3
0.350000 0.010625 0.026850 6 4
0.450000 0.006125 0.034550 6 5
0.050000 -0.003225 -0.006550 7 0
0.100000 -0.005575 -0.013050 7 1
0.150000 -0.007075 -0.019550 7 2
0.250000 -0.007675 -0.032550 7 3
0.350000 -0.004875 -0.045550 7 4
0.450000 0.001225 -0.058550 7 5
0.050000 -0.000225 0.003050 8 0
0.100000 -0.001325 0.006150 8 1
0.150000 -0.003225 0.009150 8 2
0.250000 -0.009525 0.015350 8 3
0.350000 -0.019225 0.021450 8 4
0.450000 -0.032325 0.027650 8 5
0.050000 0.002725 0.005150 9 0
0.100000 0.006275 0.010250 9 1
0.150000 0.010675 0.015450 9 2
0.250000 0.022025 0.025750 9 3
0.350000 0.036775 0.036150 9 4
0.450000 0.055025 0.046550 9 5
0.050000 0.000425 -0.009750 10 0
0.100000 0.001625 -0.019550 10 1
0.150000 0.003725 -0.029350 10 2
0.250000 0.010375 -0.048850 10 3
0.350000 0.020375 -0.068550 10 4
0.450000 0.033775 -0.088250 10 5
0.050000 -0.004225 0.003450 11 0
0.100000 -0.009225 0.006950 11 1
0.150000 -0.015125 0.010350 11 2
0.250000 -0.029525 0.017350 11 3
0.350000 -0.047325 0.024250 11 4
0.450000 -0.068675 0.031350 11 5
0.050000 -0.001925 -0.007450 12 0
0.100000 -0.004675 -0.014950 12 1
0.150000 -0.008275 -0.022450 12 2
0.250000 -0.017975 -0.037550 12 3
0.350000 -0.031075 -0.052650 12 4
0.450000 -0.047675 -0.067750 12 5
0.050000 0.002575 0.008250 13 0
0.100000 0.004325 0.016550 13 1
0.150000 0.005175 0.024750 13 2
0.250000 0.004475 0.041250 13 3
0.350000 0.000475 0.057750 13 4
0.450000 -0.006925 0.074350 13 5
0.050000 -0.001475 0.007550 14 0
0.100000 -0.002125 0.015050 14 1
0.150000 -0.001975 0.022650 14 2
0.250000 0.000925 0.037650 14 3
0.350000 0.007125 0.052850 14 4
0.450000 0.016725 0.067950 14 5
0.050000 0.002625 0.002250 15 0
0.100000 0.006075 0.004450 15 1
0.150000 0.010375 0.006650 15 2
0.250000 0.021525 0.011150 15 3
0.350000 0.036075 0.015650 15 4
0.450000 0.054075 0.020150 15 5
0.050000 -0.001375 0.001350 16 0
0.100000 -0.001875 0.002750 16 1
0.150000 -0.001575 0.004150 16 2
0.250000 0.001525 0.006950 16 3
0.350000 0.007975 0.009750 16 4
0.450000 0.017775 0.012550 16 5
0.050000 0.004575 -0.003850 17 0
0.100000 0.010025 -0.007650 17 1
0.150000 0.016275 -0.011450 17 2
0.250000 0.031425 -0.019150 17 3
0.350000 0.050025 -0.026850 17 4
0.450000 0.072175 -0.034650 17 5
0.050000 -0.000775 0.001050 18 0
0.100000 -0.002325 0.002150 18 1
0.150000 -0.004775 0.003250 18 2
0.250000 -0.012125 0.005350 18 3
0.350000 -0.022875 0.007450 18 4
0.450000 -0.037025 0.009650 18 5
0.050000 0.003375 0.000350 19 0
0.100000 0.007625 0.000650 19 1
0.150000 0.012725 0.000950 19 2
0.250000 0.025425 0.001650 19 3
0.350000 0.041625 0.002250 19 4
0.450000 0.061275 0.002950 19 5
0.050000 0.000875 0.000450 20 0
0.100000 0.002625 0.000850 20 1
0.150000 0.005175 0.001350 20 2
0.250000 0.012825 0.002250 20 3
0.350000 0.023875 0.003050 20 4
0.450000 0.038275 0.003950 20 5
0.050000 0.004725 0.002250 21 0
0.100000 0.010325 0.004450 21 1
0.150000 0.016775 0.006750 21 2
0.250000 0.032275 0.011250 21 3
0.350000 0.051225 0.015750 21 4
0.450000 0.073725 0.020350 21 5
0.050000 -0.000325 0.009850 22 0
0.100000 0.000175 0.019650 22 1
0.150000 0.001525 0.029550 22 2
0.250000 0.006675 0.049250 22 3
0.350000 0.015225 0.069050 22 4
0.450000 0.027125 0.088850 22 5
0.050000 0.002375 0.003050 23 0
0.100000 0.005575 0.006050 23 1
0.150000 0.009625 0.009050 23 2
0.250000 0.020275 0.015150 23 3
0.350000 0.034325 0.021150 23 4
0.450000 0.051825 0.027350 23 5
0.050000 0.003175 0.002950 24 0
0.100000 0.005525 0.005950 24 1
0.150000 0.007025 0.008950 24 2
0.250000 0.007575 0.014850 24 3
0.350000 0.004725 0.020850 24 4
0.450000 -0.001425 0.026750 24 5
0.050000 0.004375 -0.001950 25 0
0.100000 0.007975 -0.003950 25 1
0.150000 0.010675 -0.005950 25 2
0.250000 0.013625 -0.009850 25 3
0.350000 0.013225 -0.013750 25 4
0.450000 0.009475 -0.017750 25 5
0.050000 0.003075 0.003450 26 0
0.100000 0.005375 0.006850 26 1
0.150000 0.006775 0.010250 26 2
0.250000 0.007125 0.017050 26 3
0.350000 0.004175 0.023850 26 4
0.450000 -0.002175 0.030650 26 5
0.050000 -0.000725 0.003850 27 0
0.100000 -0.002275 0.007650 27 1
0.150000 -0.004625 0.011450 27 2
0.250000 -0.011925 0.019150 27 3
0.350000 -0.022575 0.026850 27 4
0.450000 -0.036625 0.034550 27 5
0.050000 -0.001125 -0.001850 28 0
0.100000 -0.001425 -0.003650 28 1
0.150000 -0.000875 -0.005450 28 2
0.250000 0.002725 -0.009050 28 3
0.350000 0.009675 -0.012750 28 4
0.450000 0.019975 -0.016350 28 5
0.050000 0.002625 0.005150 29 0
0.100000 0.006075 0.010250 29 1
0.150000 0.010375 0.015450 29 2
0.250000 0.021475 0.025750 29 3
0.350000 0.036025 0.036050 29 4
0.450000 0.054025 0.046450 29 5
0.050000 -0.003525 0.008950 30 0
0.100000 -0.007875 0.017850 30 1
0.150000 -0.013125 0.026850 30 2
0.250000 -0.026075 0.044850 30 3
0.350000 -0.042475 0.062950 30 4
0.450000 -0.062425 0.081050 30 5
0.050000 0.002075 0.000150 31 0
0.100000 0.005025 0.000250 31 1
0.150000 0.008775 0.000450 31 2
0.250000 0.018825 0.000750 31 3
0.350000 0.032325 0.001050 31 4
0.450000 0.049225 0.001250 31 5
0.050000 -0.002075 -0.006750 32 0
0.100000 -0.005025 -0.013450 32 1
0.150000 -0.008775 -0.020150 32 2
0.250000 -0.018825 -0.033750 32 3
0.350000 -0.032275 -0.047250 32 4
0.450000 -0.049175 -0.060850 32 5
0.050000 -0.004325 0.006750 33 0
0.100000 -0.009525 0.013550 33 1
0.150000 -0.015575 0.020350 33 2
0.250000 -0.030225 0.034050 33 3
0.350000 -0.048375 0.047750 33 4
0.450000 -0.070025 0.061650 33 5
0.050000 -0.000125 0.009850 34 0
0.100000 0.000525 0.019750 34 1
0.150000 0.002075 0.029650 34 2
0.250000 0.007625 0.049350 34 3
0.350000 0.016525 0.069150 34 4
0.450000 0.028825 0.089050 34 5
0.050000 0.001525 -0.005550 35 0
0.100000 0.003875 -0.011050 35 1
0.150000 0.007075 -0.016550 35 2
0.250000 0.015975 -0.027650 35 3
0.350000 0.028225 -0.038750 35 4
0.450000 0.043975 -0.049950 35 5
0.050000 0.002375 -0.000150 36 0
0.100000 0.005575 -0.000250 36 1
0.150000 0.009625 -0.000450 36 2
0.250000 0.020225 -0.000650 36 3
0.350000 0.034225 -0.000950 36 4
0.450000 0.051725 -0.001250 36 5
0.050000 0.001825 -0.008050 37 0
0.100000 0.002825 -0.016150 37 1
0.150000 0.002975 -0.024250 37 2
0.250000 0.000775 -0.040450 37 3
0.350000 -0.004775 -0.056550 37 4
0.450000 -0.013675 -0.072850 37 5
0.050000 -0.004525 0.005650 38 0
0.100000 -0.008275 0.011250 38 1
0.150000 -0.011125 0.016850 38 2
0.250000 -0.014375 0.028050 38 3
0.350000 -0.014275 0.039250 38 4
0.450000 -0.010825 0.050450 38 5
0.050000 -0.000875 -0.001650 39 0
0.100000 -0.000925 -0.003250 39 1
0.150000 -0.000175 -0.004850 39 2
0.250000 0.003925 -0.008050 39 3
0.350000 0.011325 -0.011250 39 4
0.450000 0.022125 -0.014550 39 5
0.050000 0.001375 0.006150 40 0
0.100000 0.003575 0.012250 40 1
0.150000 0.006575 0.018350 40 2
0.250000 0.015175 0.030650 40 3
0.350000 0.027175 0.043050 40 4
0.450000 0.042575 0.055350 40 5
0.050000 -0.004125 0.005850 41 0
0.100000 -0.007375 0.011750 41 1
0.150000 -0.009825 0.017650 41 2
0.250000 -0.012175 0.029350 41 3
0.350000 -0.011175 0.041050 41 4
0.450000 -0.006875 0.052750 41 5
0.050000 0.002125 0.003150 42 0
0.100000 0.005075 0.006350 42 1
0.150000 0.008875 0.009550 42 2
0.250000 0.018975 0.015950 42 3
0.350000 0.032475 0.022350 42 4
0.450000 0.049475 0.028750 42 5
0.050000 0.001275 -0.000950 43 0
0.100000 0.001775 -0.001950 43 1
0.150000 0.001375 -0.002950 43 2
0.250000 -0.001875 -0.004950 43 3
0.350000 -0.008475 -0.006950 43 4
0.450000 -0.018425 -0.008950 43 5
0.050000 -0.003025 0.004350 44 0
0.100000 -0.005175 0.008750 44 1
0.150000 -0.006525 0.013050 44 2
0.250000 -0.006675 0.021850 44 3
0.350000 -0.003475 0.030550 44 4
0.450000 0.003025 0.039250 44 5
0.050000 0.001975 -0.003650 45 0
0.100000 0.003125 -0.007350 45 1
0.150000 0.003475 -0.011050 45 2
0.250000 0.001575 -0.018450 45 3
0.350000 -0.003625 -0.025850 45 4
0.450000 -0.012175 -0.033250 45 5
0.050000 -0.001275 0.005850 46 0
0.100000 -0.003425 0.011650 46 1
0.150000 -0.006375 0.017450 46 2
0.250000 -0.014825 0.029050 46 3
0.350000 -0.026625 0.040750 46 4
0.450000 -0.041875 0.052550 46 5
0.050000 0.003525 -0.000350 47 0
0.100000 0.006225 -0.000750 47 1
0.150000 0.008075 -0.001050 47 2
0.250000 0.009325 -0.001850 47 3
0.350000 0.007175 -0.002550 47 4
0.450000 0.001725 -0.003250 47 5
0.050000 0.002125 -0.002450 48 0
0.100000 0.003425 -0.004750 48 1
0.150000 0.003875 -0.007150 48 2
0.250000 0.002325 -0.011950 48 3
0.350000 -0.002625 -0.016750 48 4
0.450000 -0.010875 -0.021650 48 5
0.050000 -0.000325 -0.004950 49 0
0.100000 -0.001525 -0.009850 49 1
0.150000 -0.003525 -0.014750 49 2
0.250000 -0.010025 -0.024550 49 3
0.350000 -0.019925 -0.034450 49 4
0.450000 -0.033225 -0.044350 49 5
0.050000 -0.002875 0.006450 50 0
0.100000 -0.006525 0.012950 50 1
0.150000 -0.011075 0.019450 50 2
0.250000 -0.022675 0.032350 50 3
0.350000 -0.037725 0.045450 50 4
0.450000 -0.056225 0.058550 50 5
0.050000 0.005425 -0.007250 51 0
0.100000 0.011675 -0.014450 51 1
0.150000 0.018825 -0.021650 51 2
0.250000 0.035675 -0.036150 51 3
0.350000 0.056025 -0.050750 51 4
0.450000 0.079925 -0.065450 51 5
0.050000 0.003525 -0.004250 52 0
0.100000 0.007875 -0.008550 52 1
0.150000 0.013075 -0.012850 52 2
0.250000 0.026075 -0.021550 52 3
0.350000 0.042475 -0.030150 52 4
0.450000 0.062375 -0.038850 52 5
0.050000 -0.002025 0.001750 53 0
0.100000 -0.004925 0.003450 53 1
0.150000 -0.008625 0.005150 53 2
0.250000 -0.018575 0.008650 53 3
0.350000 -0.031925 0.012150 53 4
0.450000 -0.048725 0.015650 53 5
0.050000 -0.004125 -0.001750 54 0
0.100000 -0.007425 -0.003550 54 1
0.150000 -0.009875 -0.005350 54 2
0.250000 -0.012275 -0.008850 54 3
0.350000 -0.011375 -0.012450 54 4
0.450000 -0.007075 -0.015950 54 5
0.050000 -0.003725 -0.007950 55 0
0.100000 -0.006575 -0.015950 55 1
0.150000 -0.008625 -0.023950 55 2
0.250000 -0.010175 -0.039950 55 3
0.350000 -0.008425 -0.055850 55 4
0.450000 -0.003325 -0.071850 55 5
0.050000 -0.002575 -0.007450 56 0
0.100000 -0.005975 -0.014950 56 1
0.150000 -0.010225 -0.022450 56 2
0.250000 -0.021275 -0.037550 56 3
0.350000 -0.035725 -0.052650 56 4
0.450000 -0.053625 -0.067850 56 5
0.050000 0.003525 -0.007750 57 0
0.100000 0.007925 -0.015450 57 1
0.150000 0.013175 -0.023150 57 2
0.250000 0.026175 -0.038650 57 3
0.350000 0.042625 -0.054250 57 4
0.450000 0.062575 -0.069850 57 5
0.050000 0.001625 0.008550 58 0
0.100000 0.002425 0.017050 58 1
0.150000 0.002425 0.025550 58 2
0.250000 -0.000175 0.042650 58 3
0.350000 -0.006075 0.059750 58 4
0.450000 -0.015325 0.076850 58 5
0.050000 0.002775 0.004850 59 0
0.100000 0.006375 0.009650 59 1
0.150000 0.010825 0.014450 59 2
0.250000 0.022275 0.024250 59 3
0.350000 0.037125 0.033950 59 4
0.450000 0.055425 0.043750 59 5
0.050000 -0.002875 0.001350 60 0
0.100000 -0.004875 0.002650 60 1
0.150000 -0.006075 0.003950 60 2
0.250000 -0.005975 0.006550 60 3
0.350000 -0.002525 0.009150 60 4
0.450000 0.004275 0.011750 60 5
0.050000 -0.002975 -0.006450 61 0
0.100000 -0.006775 -0.012850 61 1
0.150000 -0.011425 -0.019250 61 2
0.250000 -0.023225 -0.032150 61 3
0.350000 -0.038525 -0.045050 61 4
0.450000 -0.057225 -0.058050 61 5
0.050000 0.003725 0.000650 62 0
0.100000 0.006625 0.001350 62 1
0.150000 0.008725 0.002050 62 2
0.250000 0.010375 0.003350 62 3
0.350000 0.008675 0.004750 62 4
0.450000 0.003625 0.006050 62 5
0.050000 -0.000525 -0.000250 63 0
0.100000 -0.001875 -0.000450 63 1
0.150000 -0.004075 -0.000750 63 2
0.250000 -0.010975 -0.001150 63 3
0.350000 -0.021275 -0.001650 63 4
0.450000 -0.034975 -0.002150 63 5
0.050000 -0.000625 -0.001350 64 0
0.100000 -0.002025 -0.002650 64 1
0.150000 -0.004325 -0.004050 64 2
0.250000 -0.011375 -0.006650 64 3
0.350000 -0.021775 -0.009350 64 4
0.450000 -0.035625 -0.012050 64 5
0.050000 0.000075 -0.002750 65 0
0.100000 -0.000725 -0.005450 65 1
0.150000 -0.002325 -0.008150 65 2
0.250000 -0.008075 -0.013650 65 3
0.350000 -0.017175 -0.019050 65 4
0.450000 -0.029675 -0.024550 65 5
0.050000 -0.003175 0.002850 66 0
0.100000 -0.007225 0.005650 66 1
0.150000 -0.012075 0.008450 66 2
0.250000 -0.024375 0.014150 66 3
0.350000 -0.040125 0.019850 66 4
0.450000 -0.059325 0.025550 66 5
0.050000 -0.000575 -0.009450 67 0
0.100000 -0.000325 -0.018850 67 1
0.150000 0.000775 -0.028250 67 2
0.250000 0.005425 -0.047050 67 3
0.350000 0.013475 -0.065950 67 4
0.450000 0.024875 -0.084850 67 5
0.050000 -0.004125 0.006650 68 0
0.100000 -0.009125 0.013350 68 1
0.150000 -0.014975 0.020050 68 2
0.250000 -0.029225 0.033450 68 3
0.350000 -0.046925 0.046950 68 4
0.450000 -0.068175 0.060550 68 5
0.050000 0.004325 -0.009950 69 0
0.100000 0.009475 -0.019850 69 1
0.150000 0.015525 -0.029750 69 2
0.250000 0.030125 -0.049750 69 3
0.350000 0.048175 -0.069850 69 4
0.450000 0.069775 -0.090050 69 5
0.050000 0.001725 0.007550 70 0
0.100000 0.004275 0.015150 70 1
0.150000 0.007625 0.022750 70 2
0.250000 0.016925 0.037850 70 3
0.350000 0.029625 0.053150 70 4
0.450000 0.045775 0.068450 70 5
0.050000 -0.001525 -0.008150 71 0
0.100000 -0.002275 -0.016250 71 1
0.150000 -0.002125 -0.024350 71 2
0.250000 0.000625 -0.040550 71 3
0.350000 0.006675 -0.056750 71 4
0.450000 0.016125 -0.073050 71 5
0.050000 0.003975 0.006850 72 0
0.100000 0.007125 0.013650 72 1
0.150000 0.009425 0.020550 72 2
0.250000 0.011575 0.034150 72 3
0.350000 0.010325 0.047850 72 4
0.450000 0.005775 0.061550 72 5
0.050000 -0.000625 0.004550 73 0
0.100000 -0.000375 0.009050 73 1
0.150000 0.000675 0.013650 73 2
0.250000 0.005275 0.022650 73 3
0.350000 0.013225 0.031850 73 4
0.450000 0.024575 0.040950 73 5
0.050000 0.004075 0.004150 74 0
0.100000 0.007275 0.008350 74 1
0.150000 0.009675 0.012550 74 2
0.250000 0.011975 0.020850 74 3
0.350000 0.010925 0.029250 74 4
0.450000 0.006525 0.037550 74 5
0.050000 -0.001525 0.001950 75 0
0.100000 -0.002225 0.003850 75 1
0.150000 -0.002125 0.005750 75 2
0.250000 0.000675 0.009650 75 3
0.350000 0.006775 0.013450 75 4
0.450000 0.016225 0.017350 75 5
0.050000 0.002575 -0.000850 76 0
0.100000 0.005925 -0.001650 76 1
0.150000 0.010175 -0.002550 76 2
0.250000 0.021175 -0.004150 76 3
0.350000 0.035625 -0.005850 76 4
0.450000 0.053475 -0.007550 76 5
0.050000 -0.001975 0.002350 77 0
0.100000 -0.004775 0.004650 77 1
0.150000 -0.008425 0.006950 77 2
0.250000 -0.018275 0.011550 77 3
0.350000 -0.031525 0.016250 77 4
0.450000 -0.048175 0.020950 77 5
0.050000 -0.003175 0.009450 78 0
0.100000 -0.005475 0.018850 78 1
0.150000 -0.006975 0.028350 78 2
0.250000 -0.007475 0.047150 78 3
0.350000 -0.004575 0.066050 78 4
0.450000 0.001625 0.084950 78 5
0.050000 -0.001725 -0.000950 79 0
0.100000 -0.004275 -0.001850 79 1
0.150000 -0.007625 -0.002750 79 2
0.250000 -0.016925 -0.004650 79 3
0.350000 -0.029625 -0.006550 79 4
0.450000 -0.045725 -0.008350 79 5
0.050000 -0.003375 -0.001350 80 0
0.100000 -0.005925 -0.002650 80 1
0.150000 -0.007675 -0.004050 80 2
0.250000 -0.008625 -0.006750 80 3
0.350000 -0.006225 -0.009450 80 4
0.450000 -0.000475 -0.012150 80 5
0.050000 -0.004775 -0.000650 81 0
0.100000 -0.010375 -0.001350 81 1
0.150000 -0.016825 -0.001950 81 2
0.250000 -0.032275 -0.003250 81 3
0.350000 -0.051275 -0.004650 81 4
0.450000 -0.073775 -0.005950 81 5
0.050000 -0.003725 -0.005250 82 0
0.100000 -0.008275 -0.010550 82 1
0.150000 -0.013675 -0.015850 82 2
0.250000 -0.027075 -0.026450 82 3
0.350000 -0.043875 -0.037050 82 4
0.450000 -0.064225 -0.047750 82 5
0.050000 -0.002975 0.006750 83 0
0.100000 -0.006775 0.013450 83 1
0.150000 -0.011425 0.020150 83 2
0.250000 -0.023225 0.033750 83 3
0.350000 -0.038525 0.047250 83 4
0.450000 -0.057225 0.060950 83 5
0.050000 0.004775 0.009750 84 0
0.100000 0.010375 0.019550 84 1
0.150000 0.016825 0.029350 84 2
0.250000 0.032275 0.049050 84 3
0.350000 0.051275 0.068850 84 4
0.450000 0.073775 0.088750 84 5
0.050000 0.000375 0.009950 85 0
0.100000 0.001625 0.019950 85 1
0.150000 0.003675 0.029950 85 2
0.250000 0.010275 0.049950 85 3
0.350000 0.020275 0.070050 85 4
0.450000 0.033675 0.090150 85 5
0.050000 -0.001575 -0.003450 86 0
0.100000 -0.002375 -0.006850 86 1
0.150000 -0.002275 -0.010350 86 2
0.250000 0.000375 -0.017250 86 3
0.350000 0.006375 -0.024150 86 4
0.450000 0.015725 -0.031050 86 5
0.050000 0.001875 0.009750 87 0
0.100000 0.002925 0.019550 87 1
0.150000 0.003125 0.029350 87 2
0.250000 0.001075 0.048950 87 3
0.350000 -0.004375 0.068550 87 4
0.450000 -0.013125 0.088150 87 5
0.050000 -0.000825 -0.002550 88 0
0.100000 -0.000825 -0.005050 88 1
0.150000 0.000025 -0.007550 88 2
0.250000 0.004225 -0.012550 88 3
0.350000 0.011775 -0.017550 88 4
0.450000 0.022675 -0.022650 88 5
0.050000 0.003475 -0.004150 89 0
0.100000 0.006075 -0.008350 89 1
0.150000 0.007875 -0.012550 89 2
0.250000 0.008925 -0.020950 89 3
0.350000 0.006625 -0.029350 89 4
0.450000 0.001025 -0.037650 89 5
0.050000 0.003875 -0.004850 90 0
0.100000 0.008625 -0.009650 90 1
0.150000 0.014225 -0.014550 90 2
0.250000 0.027975 -0.024250 90 3
0.350000 0.045125 -0.033950 90 4
0.450000 0.065875 -0.043850 90 5
0.050000 0.002075 0.005550 91 0
0.100000 0.004925 0.011150 91 1
0.150000 0.008675 0.016850 91 2
0.250000 0.018675 0.028050 91 3
0.350000 0.032075 0.039350 91 4
0.450000 0.048925 0.050650 91 5
0.050000 0.002775 0.002550 92 0
0.100000 0.006425 0.005150 92 1
0.150000 0.010875 0.007650 92 2
0.250000 0.022375 0.012850 92 3
0.350000 0.037275 0.017950 92 4
0.450000 0.055625 0.023150 92 5
0.050000 0.000475 0.006650 93 0
0.100000 0.000125 0.013250 93 1
0.150000 -0.001075 0.019950 93 2
0.250000 -0.005975 0.033150 93 3
0.350000 -0.014225 0.046450 93 4
0.450000 -0.025825 0.059850 93 5
0.050000 0.004525 0.008850 94 0
0.100000 0.008225 0.017650 94 1
0.150000 0.011075 0.026550 94 2
0.250000 0.014275 0.044150 94 3
0.350000 0.014125 0.061850 94 4
0.450000 0.010625 0.079450 94 5
0.050000 -0.002325 -0.001050 95 0
0.100000 -0.003775 -0.002150 95 1
0.150000 -0.004425 -0.003150 95 2
0.250000 -0.003175 -0.005350 95 3
0.350000 0.001425 -0.007450 95 4
0.450000 0.009325 -0.009550 95 5
0.050000 0.003575 -0.006450 96 0
0.100000 0.007975 -0.012850 96 1
0.150000 0.013225 -0.019250 96 2
0.250000 0.026275 -0.032150 96 3
0.350000 0.042725 -0.045050 96 4
0.450000 0.062725 -0.058150 96 5
0.050000 0.003775 -0.007850 97 0
0.100000 0.008425 -0.015850 97 1
0.150000 0.013925 -0.023750 97 2
0.250000 0.027425 -0.039650 97 3
0.350000 0.044425 -0.055550 97 4
0.450000 0.064875 -0.071650 97 5
0.050000 -0.000725 0.005850 98 0
0.100000 -0.000575 0.011650 98 1
0.150000 0.000375 0.017450 98 2
0.250000 0.004775 0.029150 98 3
0.350000 0.012575 0.040850 98 4
0.450000 0.023725 0.052550 98 5
0.050000 -0.000225 0.006850 99 0
0.100000 -0.001225 0.013750 99 1
0.150000 -0.003125 0.020650 99 2
0.250000 -0.009375 0.034350 99 3
0.350000 -0.018975 0.048250 99 4
0.450000 -0.031975 0.062050 99 5
0.050000 -0.004275 -0.006650 100 0
0.100000 -0.009425 -0.013250 100 1
0.150000 -0.015375 -0.019950 100 2
0.250000 -0.029875 -0.033250 100 3
0.350000 -0.047875 -0.046750 100 4
0.450000 -0.069375 -0.060250 100 5
0.050000 -0.002075 -0.001250 101 0
0.100000 -0.003325 -0.002550 101 1
0.150000 -0.003725 -0.003850 101 2
0.250000 -0.002075 -0.006450 101 3
0.350000 0.002975 -0.009050 101 4
0.450000 0.011325 -0.011650 101 5
0.050000 -0.003925 0.003050 102 0
0.100000 -0.007025 0.006050 102 1
0.150000 -0.009275 0.009050 102 2
0.250000 -0.011275 0.015150 102 3
0.350000 -0.009975 0.021150 102 4
0.450000 -0.005325 0.027250 102 5
0.050000 0.000025 0.009650 103 0
0.100000 0.000875 0.019250 103 1
0.150000 0.002575 0.028850 103 2
0.250000 0.008475 0.048150 103 3
0.350000 0.017725 0.067450 103 4
0.450000 0.030375 0.086850 103 5
0.050000 0.000825 -0.008650 104 0
0.100000 0.002525 -0.017250 104 1
0.150000 0.005025 -0.025950 104 2
0.250000 0.012575 -0.043250 104 3
0.350000 0.023525 -0.060650 104 4
0.450000 0.037875 -0.078050 104 5
0.050000 -0.002025 -0.005850 105 0
0.100000 -0.003275 -0.011750 105 1
0.150000 -0.003625 -0.017650 105 2
0.250000 -0.001875 -0.029350 105 3
0.350000 0.003175 -0.041150 105 4
0.450000 0.011625 -0.052950 105 5
0.050000 0.000275 -0.006350 106 0
0.100000 -0.000275 -0.012650 106 1
0.150000 -0.001675 -0.019050 106 2
0.250000 -0.006975 -0.031750 106 3
0.350000 -0.015625 -0.044550 106 4
0.450000 -0.027675 -0.057250 106 5
0.050000 0.001725 -0.007550 107 0
0.100000 0.002625 -0.015050 107 1
0.150000 0.002725 -0.022650 107 2
0.250000 0.000325 -0.037750 107 3
0.350000 -0.005375 -0.052850 107 4
0.450000 -0.014425 -0.068050 107 5
0.050000 0.002775 -0.001850 108 0
0.100000 0.004675 -0.003650 108 1
0.150000 0.005775 -0.005450 108 2
0.250000 0.005425 -0.009050 108 3
0.350000 0.001725 -0.012650 108 4
0.450000 -0.005275 -0.016250 108 5
0.050000 -0.000125 -0.009150 109 0
0.100000 0.000575 -0.018250 109 1
0.150000 0.002125 -0.027350 109 2
0.250000 0.007675 -0.045650 109 3
0.350000 0.016625 -0.063950 109 4
0.450000 0.028925 -0.082350 109 5
0.050000 -0.000375 -0.005550 110 0
0.100000 -0.001575 -0.011050 110 1
0.150000 -0.003625 -0.016550 110 2
0.250000 -0.010175 -0.027650 110 3
0.350000 -0.020125 -0.038650 110 4
0.450000 -0.033475 -0.049850 110 5
0.050000 -0.002575 0.001150 111 0
0.100000 -0.005975 0.002350 111 1
0.150000 -0.010225 0.003550 111 2
0.250000 -0.021275 0.005950 111 3
0.350000 -0.035725 0.008250 111 4
0.450000 -0.053625 0.010650 111 5
0.050000 0.000525 -0.001350 112 0
0.100000 0.000275 -0.002750 112 1
0.150000 -0.000875 -0.004050 112 2
0.250000 -0.005625 -0.006850 112 3
0.350000 -0.013725 -0.009550 112 4
0.450000 -0.025225 -0.012250 112 5
0.050000 0.005375 0.007450 113 0
0.100000 0.011575 0.014850 113 1
0.150000 0.018675 0.022350 113 2
0.250000 0.035425 0.037350 113 3
0.350000 0.055675 0.052450 113 4
0.450000 0.079475 0.067650 113 5
0.050000 0.001525 -0.000350 114 0
0.100000 0.002275 -0.000650 114 1
0.150000 0.002125 -0.001050 114 2
0.250000 -0.000575 -0.001650 114 3
0.350000 -0.006675 -0.002350 114 4
0.450000 -0.016125 -0.003050 114 5
0.050000 0.004575 0.008050 115 0
0.100000 0.009975 0.016050 115 1
0.150000 0.016225 0.024150 115 2
0.250000 0.031325 0.040350 115 3
0.350000 0.049925 0.056650 115 4
0.450000 0.072025 0.073050 115 5
